title,poster,year,cast,score,cert,rt_link,exact_match,query_str,listing_title
Sanctuary,https://resizing.flixster.com/Y-kaK37gqLtwpNsgwlSEtPb0L3g=/fit-in/80x126/v2/https://flxt.tmsimg.com/assets/p13826586_p_v8_ab.jpg,2016,"Stephen Marcus,Amy Joyce Hastings,Tara Breathnach",100,fresh,https://www.rottentomatoes.com/m/sanctuary_2016,True,Sanctuary |,Sanctuary
You Hurt My Feelings,https://resizing.flixster.com/awaxJ7vP8IrH_irtofflTlXjEWI=/fit-in/80x126/v2/https://resizing.flixster.com/JH4n6n1XT3UqIo9gFEbNka4AFWQ=/ems.cHJkLWVtcy1hc3NldHMvbW92aWVzL2E1OTRkNzEwLTJiY2ItNGFkNS1iNTU3LTJjNzZlZWI4YzU1MC5qcGc=,2023,"Julia Louis-Dreyfus,Tobias Menzies,Michaela Watkins",95,certified-fresh,https://www.rottentomatoes.com/m/you_hurt_my_feelings_2023,True,You Hurt My Feelings |,You Hurt My Feelings
This Girl's Life,https://resizing.flixster.com/I7fd33YK7nM4YoG2wzL2EUeOe_Q=/fit-in/80x126/v2/https://flxt.tmsimg.com/assets/p34712_p_v8_ao.jpg,2003,"James Woods,Juliette Marquis,Kip Pardue",50,rotten,https://www.rottentomatoes.com/m/this_girls_life,False,Una Vita Difficile |,Una Vita Difficile
Enys Men,https://resizing.flixster.com/K145VtoXisJJtQeB5Z_oaBE9GG4=/fit-in/80x126/v2/https://resizing.flixster.com/0JGo_ubKxey7CRB7oX08h8m4VP4=/ems.cHJkLWVtcy1hc3NldHMvbW92aWVzLzMxZDZiZDVlLTA1MTAtNDgyNS1hNDAzLTRjNThhZjM4NDU5Ny5qcGc=,2022,"Mary Woodvine,John Woodvine,Edward Rowe",78,certified-fresh,https://www.rottentomatoes.com/m/enys_men,True,Enys Men |,Enys Men
The Eight Mountains,https://resizing.flixster.com/So-BRBGm8kRTf1tQhPjB_llDWPg=/fit-in/80x126/v2/https://resizing.flixster.com/-vnln3p-lebsnP1RRO2KNpqYN1c=/ems.cHJkLWVtcy1hc3NldHMvbW92aWVzL2ZjYmEwMTk0LWEzZTEtNDZmYy04ZjYyLTIzMWU4MzA5NWM5OS5qcGc=,2022,"Alessandro Borghi,Luca Marinelli,Filippo Timi",89,certified-fresh,https://www.rottentomatoes.com/m/the_eight_mountains,True,"The Eight Mountains | Felix van Groeningen, Charlotte Vandermeersch",The Eight Mountains
"Are You There God? It's Me, Margaret.",https://resizing.flixster.com/mAZWrmlOEY3yzQAq-KhSgeuBTKk=/fit-in/80x126/v2/https://resizing.flixster.com/iOBz-fQyXc6eRWGuSH5d42dsHT0=/ems.cHJkLWVtcy1hc3NldHMvbW92aWVzLzA4YzRmNjcwLTUxOWUtNDJkZi05NmYyLTVjN2MyNDdjNzdiNy5qcGc=,2023,"Rachel McAdams,Abby Ryder Fortson,Elle Graham",99,certified-fresh,https://www.rottentomatoes.com/m/are_you_there_god_its_me_margaret,False,"Are You There God? It’s Me, Margaret. | Kelly Fremon Craig","Are You There God? It’s Me, Margaret."
Polite Society,https://resizing.flixster.com/oPfvTYztPPSEdF7iRkZHm6X0-Rc=/fit-in/80x126/v2/https://resizing.flixster.com/SxovO0EXGdkFe2vY87_rGuTRnfw=/ems.cHJkLWVtcy1hc3NldHMvbW92aWVzL2Y4MTI0ODc3LTM1YTUtNGM3My1iYTJlLWRjZTVlMTY2NjI3Mi5qcGc=,2023,"Priya Kansara,Ritu Arya,Shobu Kapoor",90,certified-fresh,https://www.rottentomatoes.com/m/polite_society,True,Polite Society | Nida Manzoor,Polite Society
2022 Oscar Nominated Shorts - Animation,https://resizing.flixster.com/KtmDGS98EIwESekccDq89TBBOFg=/fit-in/80x126/v2/https://resizing.flixster.com/swBZYkOGNcDAzjL1lcVNmAJGkFY=/ems.cHJkLWVtcy1hc3NldHMvbW92aWVzL2MyMDBiZWExLTg3ZTQtNGJlZS1iMzRjLWUxZDc1ODFmODJiOC5qcGc=,2022,,100,fresh,https://www.rottentomatoes.com/m/2022_oscar_nominated_shorts_animation,False,Sanctuary (2022) | Zachary Wigon,Sanctuary (2022)
The Automat,https://resizing.flixster.com/gfe5ZcJom47C_r20rRcoS5EQuh0=/fit-in/80x126/v2/https://resizing.flixster.com/DjbEoEJSO47LbB38dJjtb_fzb9U=/ems.cHJkLWVtcy1hc3NldHMvbW92aWVzL2IzMTUxN2RhLTUzNDAtNGNjZS1hNWE4LWUyM2VhMGU3YWMzMi5qcGc=,2021,"Mel Brooks,Ruth Bader Ginsburg,Colin Powell",98,certified-fresh,https://www.rottentomatoes.com/m/the_automat,True,The Automat |,The Automat
Joyland,https://resizing.flixster.com/M_fSCP6ViJ0fZQkxLKLsactWhbw=/fit-in/80x126/v2/https://resizing.flixster.com/sCRnbniZS9lVTeFPCjZgiSqkU9c=/ems.cHJkLWVtcy1hc3NldHMvbW92aWVzLzkxYTFjNTMwLTMwMzItNDU3Zi1hNDFiLTA3NTY1YTI1MmY5Zi5qcGc=,2022,"Ali Junejo,Rasti Farooq,Alina Khan",98,certified-fresh,https://www.rottentomatoes.com/m/joyland_2022,True,Joyland | Saim Sadiq,Joyland
Crooklyn,https://resizing.flixster.com/WBwWy5DgRp6gY0Qus7V7esGunps=/fit-in/80x126/v2/https://flxt.tmsimg.com/assets/p17756_p_v8_ac.jpg,1994,"Alfre Woodard,Delroy Lindo,David Patrick Kelly",79,fresh,https://www.rottentomatoes.com/m/crooklyn,True,Crooklyn | Spike Lee,Crooklyn
The Blues Brothers,https://resizing.flixster.com/PfZRtGNlruzCVrloJI9oiIcHNg4=/fit-in/80x126/v2/https://flxt.tmsimg.com/assets/p42_p_v8_ai.jpg,1980,"John Belushi,Dan Aykroyd,James Brown",72,certified-fresh,https://www.rottentomatoes.com/m/blues_brothers,True,The Blues Brothers |,The Blues Brothers
Easy Living,https://resizing.flixster.com/bKPJhiXIy4o9ighgcZ0M4akP4l8=/fit-in/80x126/v2/https://flxt.tmsimg.com/assets/p43819_p_v8_aa.jpg,1937,"Jean Arthur,Edward Arnold,Ray Milland",100,fresh,https://www.rottentomatoes.com/m/1082539-easy_living,True,Easy Living |,Easy Living
Your Name,https://resizing.flixster.com/c3GMlax7qA7603eMBt61X6cminU=/fit-in/80x126/v2/https://resizing.flixster.com/XHvcBxuKMfWLooKZHqPrCusyz9Q=/ems.cHJkLWVtcy1hc3NldHMvbW92aWVzL2EyZDU1MDQyLWQ0MTMtNGJmOC04Y2QxLTE3ODFhYmJiMGM0Ny53ZWJw,2016,"Michael Sinterniklaas,Stephanie Sheh,Laura Post",98,certified-fresh,https://www.rottentomatoes.com/m/your_name_2017,False,Suzume (English Subtitles) | Makoto Shinkai,Suzume (English Subtitles)
Master Gardener,https://resizing.flixster.com/Aw6RS2SCzAfexFtigXHqc4XkBxI=/fit-in/80x126/v2/https://resizing.flixster.com/zHmNNNfiCQptT_-eA7dp7DQWgWw=/ems.cHJkLWVtcy1hc3NldHMvbW92aWVzLzQ1NzAyMTUzLWNlNDYtNGY4Zi04YTdhLWNiNzYyYzYzOTY4Zi5wbmc=,2022,"Joel Edgerton,Sigourney Weaver,Quintessa Swindell",68,fresh,https://www.rottentomatoes.com/m/master_gardener,True,Master Gardener | Paul Schrader,Master Gardener
Sign 'o' the Times,https://resizing.flixster.com/5sg8IzRjXomCFHsgK5bHu7shvT0=/fit-in/80x126/v2/https://flxt.tmsimg.com/assets/p49540_p_v8_aa.jpg,1987,"Prince,Sheila E.,Sheena Easton",81,fresh,https://www.rottentomatoes.com/m/sign_o_the_times,False,Prince: Sign O’ the Times |,Prince: Sign O’ the Times
Purple Rain,https://resizing.flixster.com/TR8CYKNNXmlRQoqb-jejDjgXEIo=/fit-in/80x126/v2/https://flxt.tmsimg.com/assets/p8092_p_v8_aa.jpg,1984,"Prince,Apollonia Kotero,Morris Day",70,fresh,https://www.rottentomatoes.com/m/purple_rain,True,Purple Rain |,Purple Rain
The Bodyguard,https://resizing.flixster.com/14K2trU-a0zHvJTympL5Mg5j_Q0=/fit-in/80x126/v2/https://flxt.tmsimg.com/assets/p14406_p_v12_ax.jpg,1992,"Kevin Costner,Whitney Houston,Gary Kemp",38,rotten,https://www.rottentomatoes.com/m/the_bodyguard_1992,True,The Bodyguard | Mick Jackson,The Bodyguard
First Blood,https://resizing.flixster.com/YwYh8BketGD8g4-9MA1LoUDXkAg=/fit-in/80x126/v2/https://flxt.tmsimg.com/assets/p6343_p_v8_ar.jpg,1982,"Sylvester Stallone,Richard Crenna,Brian Dennehy",86,certified-fresh,https://www.rottentomatoes.com/m/first_blood,True,First Blood | Ted Kotcheff,First Blood
Junun,https://images.fandango.com/cms/assets/5d84d010-59b1-11ea-b175-791e911be53d--rt-poster-defaultgif.gif,2015,"Jonny Greenwood,Nigel Godrich",100,fresh,https://www.rottentomatoes.com/m/junun_2015,False,Boogie Nights in 70mm | Paul Thomas Anderson,Boogie Nights in 70mm
Cry of the City,https://resizing.flixster.com/wP5-mSY9yLYqFnYJC9NeJLNiVoQ=/fit-in/80x126/v2/https://flxt.tmsimg.com/assets/p1503_p_v8_ab.jpg,1948,"Victor Mature,Richard Conte,Shelley Winters",93,fresh,https://www.rottentomatoes.com/m/cry_of_the_city,True,Cry of the City |,Cry of the City
The Wild Bunch,https://resizing.flixster.com/A7gf0isTMXLIIEIXf8DMNtzi6Jc=/fit-in/80x126/v2/https://flxt.tmsimg.com/assets/p2210_p_v12_as.jpg,1969,"William Holden,Ernest Borgnine,Robert Ryan",91,certified-fresh,https://www.rottentomatoes.com/m/1059489-wild_bunch,True,The Wild Bunch |,The Wild Bunch
The Naked City,https://resizing.flixster.com/ssE9hI5jxDh6Rv_nR0yxQ5ZDMKM=/fit-in/80x126/v2/https://flxt.tmsimg.com/assets/p5148_p_v8_ab.jpg,1948,"Barry Fitzgerald,Howard Duff,Dorothy Hart",86,fresh,https://www.rottentomatoes.com/m/1040398-naked_city,True,The Naked City |,The Naked City
Polyester,https://resizing.flixster.com/vvcx9h-vUWeoQoZwYjgEc_ff19c=/fit-in/80x126/v2/https://flxt.tmsimg.com/assets/p5469_p_v8_aa.jpg,1981,"Divine,Tab Hunter,Edith Massey",94,fresh,https://www.rottentomatoes.com/m/polyester,True,Polyester |,Polyester
The Day Sports Stood Still,https://resizing.flixster.com/u6GB3qceiKLfxR9EahJrD85U5Yw=/fit-in/80x126/v2/https://resizing.flixster.com/du8z6PN__lhD5d0tMFh3UjSclas=/ems.cHJkLWVtcy1hc3NldHMvbW92aWVzLzczZjVhNGE1LWU5OGQtNDBlMi1iM2U5LTRhMWUyNTAwOWEyNC5qcGc=,2021,"Donovan Mitchell,Danilo Gallinari,Karl-Anthony Towns",80,fresh,https://www.rottentomatoes.com/m/the_day_sports_stood_still,False,The Equalizer (2014) | Antoine Fuqua,The Equalizer (2014)
Beach Girls and the Monster,https://resizing.flixster.com/F3UwchmfGKSmv9SJFUNE298UrsA=/fit-in/80x126/v2/https://flxt.tmsimg.com/assets/p50341_p_v8_aa.jpg,1965,"Jon Hall,Sue Casey,Walker Edmiston",,,https://www.rottentomatoes.com/m/beach_girls_and_the_monster,False,Beach Girs & the Monster |,Beach Girs & the Monster
He Walked by Night,https://resizing.flixster.com/1u9NImqdsjjpb4j6a8_lBBOj4To=/fit-in/80x126/v2/https://flxt.tmsimg.com/assets/p3037_p_v8_aa.jpg,1948,"Richard Basehart,Scott Brady,Roy Roberts",78,fresh,https://www.rottentomatoes.com/m/he_walked_by_night,True,He Walked by Night |,He Walked by Night
Teenagers From Outer Space,https://resizing.flixster.com/aPB-9-0xwrsmrxgJH94z27hPL2M=/fit-in/80x126/v2/https://flxt.tmsimg.com/assets/p52093_p_v8_ab.jpg,1959,"David Love,Dawn Anderson,Harvey B. Dunn",,,https://www.rottentomatoes.com/m/teenagers_from_outer_space,False,Teenagers From Outer Spac |,Teenagers From Outer Spac
Hollow Triumph,https://resizing.flixster.com/5OaSnKtiHBrqPbL2LkP9RCDkL_g=/fit-in/80x126/v2/https://flxt.tmsimg.com/assets/p4455_p_v8_ac.jpg,1948,"Paul Henreid,Joan Bennett,Eduard Franz",,,https://www.rottentomatoes.com/m/1033810-scar,False,Hollow Triumph |,Hollow Triumph
The Amazing Mr. X,https://resizing.flixster.com/6kBH3GWi4oVI8AGH39U5NZ7KkIw=/fit-in/80x126/v2/https://flxt.tmsimg.com/assets/p43030_p_v8_ab.jpg,1948,"Turhan Bey,Lynn Bari,Cathy O'Donnell",,,https://www.rottentomatoes.com/m/the_amazing_mr_x,False,The Spiritualist (aka The Amazing Mr. X) |,The Spiritualist (aka The Amazing Mr. X)
The Dark Crystal,https://resizing.flixster.com/2mhs_timYL_04mwYvISrzdFKd2U=/fit-in/80x126/v2/https://flxt.tmsimg.com/assets/p7190_p_v8_aa.jpg,1982,"John Baddeley,Stephen Garlick,David Buck",77,certified-fresh,https://www.rottentomatoes.com/m/dark_crystal,True,The Dark Crystal |,The Dark Crystal
The Big Clock,https://resizing.flixster.com/ojFaL_D8TZP64Uhmytsz45c9igQ=/fit-in/80x126/v2/https://flxt.tmsimg.com/assets/p39118_p_v8_aa.jpg,1948,"Ray Milland,Charles Laughton,Maureen O'Sullivan",100,fresh,https://www.rottentomatoes.com/m/big_clock,True,The Big Clock |,The Big Clock
Call Northside 777,https://resizing.flixster.com/q_OGKuOeNzWkSN8H9bvtOaiWEQk=/fit-in/80x126/v2/https://flxt.tmsimg.com/assets/p1288_p_v8_ag.jpg,1948,"James Stewart,Richard Conte,Lee J. Cobb",80,fresh,https://www.rottentomatoes.com/m/call_northside_777,True,Call Northside 777 |,Call Northside 777
"Sleep, My Love",https://resizing.flixster.com/Ktia-v6McB7NOg2jTtgAN3d7IHg=/fit-in/80x126/v2/https://flxt.tmsimg.com/assets/p4204_p_v8_aa.jpg,1948,"Claudette Colbert,Bob Cummings,Don Ameche",,,https://www.rottentomatoes.com/m/sleep_my_love,False,"Sleep, My Love |","Sleep, My Love"
100 Years of Men in Love: The Accidental Collection,https://resizing.flixster.com/4eTMQmMXgmR6gWlfj39tnSyhrGg=/fit-in/80x126/v2/https://resizing.flixster.com/Z9VLphqg_xLLP36E5LGkpOOu_vc=/ems.cHJkLWVtcy1hc3NldHMvbW92aWVzLzA2NDI0NmMxLTY0ZTItNGI4Ni1iNjI1LTY4MDVmZWJiYzE5Yi5qcGc=,2022,"Hugh Nini,Neal Treadwell,David Millbern",100,fresh,https://www.rottentomatoes.com/m/100_years_of_men_in_love,False,Lawrence of Arabia in 70mm | David Lean,Lawrence of Arabia in 70mm
Unfaithfully Yours,https://resizing.flixster.com/uDClUZ4bZmoTpEtV0_QkALLjEeM=/fit-in/80x126/v2/https://flxt.tmsimg.com/assets/p5953_p_v8_aa.jpg,1948,"Rex Harrison,Linda Darnell,Rudy Vallee",94,fresh,https://www.rottentomatoes.com/m/1022369-unfaithfully_yours,True,Unfaithfully Yours |,Unfaithfully Yours
"Sorry, Wrong Number",https://resizing.flixster.com/bFKC2RYrVwzFwEKE_tsvfCjoJCs=/fit-in/80x126/v2/https://flxt.tmsimg.com/assets/p2883_p_v8_aa.jpg,1948,"Barbara Stanwyck,Burt Lancaster,Ann Richards",87,fresh,https://www.rottentomatoes.com/m/1032814-sorry_wrong_number,True,"Sorry, Wrong Number |","Sorry, Wrong Number"
The Longest Day,https://resizing.flixster.com/0ph6y7j7wM2v_tozyKAY1upsuyE=/fit-in/80x126/v2/https://flxt.tmsimg.com/assets/p3328_p_v8_ab.jpg,1962,"John Wayne,Robert Mitchum,Henry Fonda",87,fresh,https://www.rottentomatoes.com/m/longest_day,False,Longest Day |,Longest Day
Larceny,https://resizing.flixster.com/HG0uST2yfVGZCvJ9kqWk8b01iBg=/fit-in/80x126/v2/https://flxt.tmsimg.com/assets/p13938462_p_v8_ac.jpg,2017,"Dolph Lundgren,Corbin Bernsen,Louis Mandylor",,,https://www.rottentomatoes.com/m/larceny_2017,False,Larceny |,Larceny
Horror Noire: A History of Black Horror,https://resizing.flixster.com/XbDJ9KleaJnw1FD9Lf9nCyyoMm8=/fit-in/80x126/v2/https://resizing.flixster.com/5fSa5FkoMpp87EGhJ_0gwjjwFwA=/ems.cHJkLWVtcy1hc3NldHMvbW92aWVzL2FmYmE1OGZjLWEyNDktNGRkMy1iMTZhLWUwZWRlYjBhMGZmMS53ZWJw,2019,"Jordan Peele,Tony Todd,Ken Foree",100,fresh,https://www.rottentomatoes.com/m/horror_noire_a_history_of_black_horror,False,Nope in 70mm | Jordan Peele,Nope in 70mm
Parasite,https://resizing.flixster.com/prUGmXSxxnCKRYdsck6ENP1MIuI=/fit-in/80x126/v2/https://resizing.flixster.com/0nQ2niq2j-E4gdW_kB5H606atmc=/ems.cHJkLWVtcy1hc3NldHMvbW92aWVzLzZlZWEwMmY4LTk1OWUtNGEyOS04ODRmLTA0OWRjMzhlYWZkNi53ZWJw,2019,"Song Kang-ho,Lee Sun-kyun,Jo Yeo-jeong",99,certified-fresh,https://www.rottentomatoes.com/m/parasite_2019,False,The Host (2006) | Bong Joon Ho,The Host (2006)
The Fall of the Roman Empire,https://resizing.flixster.com/hIy1XFexjvghAoUGSn6kKmGXlCc=/fit-in/80x126/v2/https://flxt.tmsimg.com/assets/p318_p_v8_ah.jpg,1964,"Sophia Loren,Alec Guinness,Stephen Boyd",92,fresh,https://www.rottentomatoes.com/m/fall_of_the_roman_empire,False,Fall of the Roman Empire |,Fall of the Roman Empire
Raw Deal,https://resizing.flixster.com/U80enODmvJ9Pf-oqsMLybpEnEd4=/fit-in/80x126/v2/https://flxt.tmsimg.com/assets/p37888_p_v8_aa.jpg,1948,"Dennis O'Keefe,Claire Trevor,Marsha Hunt",100,fresh,https://www.rottentomatoes.com/m/1064015-raw_deal,True,Raw Deal |,Raw Deal
Delia Derbyshire: The Myths and Legendary Tapes,https://images.fandango.com/cms/assets/5d84d010-59b1-11ea-b175-791e911be53d--rt-poster-defaultgif.gif,2020,"Caroline Catz,Cosey Fanni Tutti,Julian Rhind-Tutt",91,fresh,https://www.rottentomatoes.com/m/delia_derbyshire,False,The Cramps and The Mutants: The Napa State Tapes |,The Cramps and The Mutants: The Napa State Tapes
Boston Strangler,https://resizing.flixster.com/xnJ1zySlYy9z6DEuJrp63OVkTJk=/fit-in/80x126/v2/https://resizing.flixster.com/Yl25RfNZLUFRCsVJhnPR3I4gUZU=/ems.cHJkLWVtcy1hc3NldHMvbW92aWVzLzU2NGNkYWIwLWE2NWMtNDUwYy1iY2NhLTcyYTRjZmU4MGZkMy5qcGc=,2023,"Keira Knightley,Carrie Coon,Alessandro Nivola",68,fresh,https://www.rottentomatoes.com/m/boston_strangler_2023,False,Boston Open Screen |,Boston Open Screen
The Book Keepers,https://resizing.flixster.com/8X_RDhgZVMaDF6eFpFk5LU8MDpI=/fit-in/80x126/v2/https://resizing.flixster.com/IE-9boZw5ZdN9cymbQAsRl8k_gA=/ems.cHJkLWVtcy1hc3NldHMvbW92aWVzLzQ1YjI5MDRhLTEzZmYtNDJkMy05NTVlLWZkMTE5ZWQzNWI4Zi5qcGc=,2022,,100,fresh,https://www.rottentomatoes.com/m/the_book_keepers,False,Harvard Book Store presents Ali Hazelwood |,Harvard Book Store presents Ali Hazelwood
Kelly's Heroes,https://resizing.flixster.com/pR3WkLbIBptsuhf5RfaypOfT2FE=/fit-in/80x126/v2/https://flxt.tmsimg.com/assets/p524_p_v8_ax.jpg,1970,"Clint Eastwood,Telly Savalas,Don Rickles",78,fresh,https://www.rottentomatoes.com/m/kellys_heroes,True,Kelly's Heroes |,Kelly's Heroes
Dead Snow,https://resizing.flixster.com/UIKHTa0Ge86bn944glHlfXyJV5o=/fit-in/80x126/v2/https://flxt.tmsimg.com/NowShowing/78031/78031_aa.jpg,2009,"Vegar Hoel,Stig Frode Henriksen,Charlotte Frogner",68,fresh,https://www.rottentomatoes.com/m/dead_snow,True,Dead Snow |,Dead Snow
Asterix & Obelix: The Middle Kingdom,https://resizing.flixster.com/2dRzytRHzlgX_UVZjPSP3F2SfX0=/fit-in/80x126/v2/https://flxt.tmsimg.com/assets/p20545485_v_v9_ae.jpg,2023,"Guillaume Canet,Gilles Lellouche,Vincent Cassel",40,rotten,https://www.rottentomatoes.com/m/asterix_and_obelix_the_middle_kingdom,False,Harvard Book Store presents Leah and Richard Rothstein |,Harvard Book Store presents Leah and Richard Rothstein
National Theatre Live: Good,https://resizing.flixster.com/2GGRvRkMG4WJYy03fppZGjgeABs=/fit-in/80x126/v2/https://resizing.flixster.com/AMpOR44tEHMB1d5z1B58u2ao2LM=/ems.cHJkLWVtcy1hc3NldHMvbW92aWVzLzg1MjBkOGIxLWEyOTctNDM4Zi1hYjcyLWE0YjM3NjVjMWM4MS5qcGc=,2023,"David Tennant,Elliot Levey,Sharon Small",,,https://www.rottentomatoes.com/m/national_theatre_live_good,False,GOOD | Dominic Cooke,GOOD
Thief,https://resizing.flixster.com/66JjO3vRCXMKeIpC3WE_vXYs_JQ=/fit-in/80x126/v2/https://flxt.tmsimg.com/assets/p49_p_v8_ag.jpg,1981,"James Caan,Tuesday Weld,Willie Nelson",79,certified-fresh,https://www.rottentomatoes.com/m/1021230-thief,True,Thief |,Thief
All Man: The International Male Story,https://resizing.flixster.com/aNqvCQtnBtJWDYcc4ojXZ3ux9m4=/fit-in/80x126/v2/https://resizing.flixster.com/4uLqtWsRdxfuCmE_eDQKAxxlwkQ=/ems.cHJkLWVtcy1hc3NldHMvbW92aWVzLzgyYTU1NzU2LTEzZDMtNGFmYi1iMmRiLTY4ZTlhZDVlZTZmZC5qcGc=,2022,Matt Bomer,93,fresh,https://www.rottentomatoes.com/m/all_man_the_international_male_story,True,All Man: The International Male Story |,All Man: The International Male Story
Misery,https://resizing.flixster.com/DF4hDJTkbfP_DSsP6YYAKrosaQQ=/fit-in/80x126/v2/https://flxt.tmsimg.com/assets/p12891_p_v8_aa.jpg,1990,"James Caan,Kathy Bates,Frances Sternhagen",91,certified-fresh,https://www.rottentomatoes.com/m/misery,True,Misery |,Misery
The Punisher,https://resizing.flixster.com/eaxj32cUfN9SCeWLFiq9ZdVoK_0=/fit-in/80x126/v2/https://flxt.tmsimg.com/assets/p34317_p_v8_af.jpg,2004,"Thomas Jane,John Travolta,Will Patton",29,rotten,https://www.rottentomatoes.com/m/1131721-punisher,False,The Punisher (1989) | Mark Goldblatt,The Punisher (1989)
Drylongso,https://resizing.flixster.com/_8MoOXjxgAn0Usjj14vpsf8DbdY=/fit-in/80x126/v2/https://resizing.flixster.com/M_zASvk7kP7gkV2-pIDnb2lX2yg=/ems.cHJkLWVtcy1hc3NldHMvbW92aWVzL2VmMjk3NTRhLTQzYzUtNDIwNy05M2YyLThlOTc2YWVkMzVkZi5qcGc=,1998,"Toby Smith,April Barnett,Will Power",100,fresh,https://www.rottentomatoes.com/m/drylongso,True,Drylongso |,Drylongso
Party Girl,https://resizing.flixster.com/PJmKv_kIu72vVA26BHXpajqQNk0=/fit-in/80x126/v2/https://flxt.tmsimg.com/assets/p7572_p_v8_aa.jpg,1958,"Robert Taylor,Cyd Charisse,Lee J. Cobb",83,fresh,https://www.rottentomatoes.com/m/1036420-party_girl,True,Party Girl |,Party Girl
Phantom Thread,https://resizing.flixster.com/MNJByQBlC-sa6Ehy1K8ywhYZ2ew=/fit-in/80x126/v2/https://resizing.flixster.com/Xq4vpHcKXVEUJbxBrbG-ymJoP2I=/ems.cHJkLWVtcy1hc3NldHMvbW92aWVzL2ExMTAzNjE4LTYxNjItNGQyZi1hOWI0LThlNzIwNGRhY2NjZC53ZWJw,2017,"Daniel Day-Lewis,Vicky Krieps,Lesley Manville",91,certified-fresh,https://www.rottentomatoes.com/m/phantom_thread,True,Phantom Thread |,Phantom Thread
The Doom Generation,https://resizing.flixster.com/f2G1tmCrjilTdYCsArsifjWtqJ0=/fit-in/80x126/v2/https://resizing.flixster.com/hQ6ul5X3sDhM9qOTBFs9RS09x-8=/ems.cHJkLWVtcy1hc3NldHMvbW92aWVzLzViMzI4MmNiLWMxOGQtNDQ5Zi05N2I0LTdkNDliMGM3OGU0My5qcGc=,1995,"James Duval,Rose McGowan,Johnathon Schaech",51,rotten,https://www.rottentomatoes.com/m/doom_generation,True,The Doom Generation |,The Doom Generation
Wigstock: The Movie,https://resizing.flixster.com/v_aaZUWVgno0ppt1EUoPNyLYLS4=/fit-in/80x126/v2/https://resizing.flixster.com/YGd8eVa4m03JZ03y4hdTs3zX_Ic=/ems.cHJkLWVtcy1hc3NldHMvbW92aWVzLzc5M2RkYThkLTkyMTctNGNkOS05NzcyLTRmNzg2ZWJiZTIxNC5qcGc=,1995,,80,fresh,https://www.rottentomatoes.com/m/wigstock_the_movie,True,Wigstock: The Movie |,Wigstock: The Movie
The Killer,https://resizing.flixster.com/1wxrJvnMHy_owPiGQe3q6JafyuM=/fit-in/80x126/v2/https://flxt.tmsimg.com/assets/p8082_p_v8_ab.jpg,1989,"Chow Yun-Fat,Danny Lee,Sally Yeh",98,certified-fresh,https://www.rottentomatoes.com/m/1032434-killer,False,The Killer (1989) | John Woo,The Killer (1989)
The Shining,https://resizing.flixster.com/g4mue_lZiRJ-yrRv7lXFheSGQf0=/fit-in/80x126/v2/https://flxt.tmsimg.com/assets/p40_p_v8_ar.jpg,1980,"Jack Nicholson,Shelley Duvall,Danny Lloyd",82,certified-fresh,https://www.rottentomatoes.com/m/shining,True,The Shining |,The Shining
My Fair Lady,https://resizing.flixster.com/upy5ZM1Mw2aZtdmWmmG3sGvbDgQ=/fit-in/80x126/v2/https://flxt.tmsimg.com/assets/p175_p_v10_ac.jpg,1964,"Audrey Hepburn,Rex Harrison,Stanley Holloway",94,certified-fresh,https://www.rottentomatoes.com/m/my_fair_lady,False,My Fair Lady Ib Tech |,My Fair Lady Ib Tech
Rock 'n' Roll High School,https://resizing.flixster.com/blFvORjuQ0IK7A0wm0R-Xj3fofg=/fit-in/80x126/v2/https://flxt.tmsimg.com/assets/p1589_p_v8_aa.jpg,1979,"P.J. Soles,Vince Van Patten,Clint Howard",81,fresh,https://www.rottentomatoes.com/m/1017745-rock_n_roll_high_school,True,Rock 'N' Roll High School |,Rock 'N' Roll High School
Dealing with Dad,https://resizing.flixster.com/kvlTTiyKUKQUY8ZMlvGhdDh6w74=/fit-in/80x126/v2/https://resizing.flixster.com/EicbZSf5VxPRH5W_3uGJQS-OLKo=/ems.cHJkLWVtcy1hc3NldHMvbW92aWVzLzc0YWE3OGM1LWI2YTMtNGMyNi05ODViLWI1NTVhNjRkOWI5Zi5qcGc=,2022,"Ally Maki,Hayden Szeto,Peter S. Kim",78,fresh,https://www.rottentomatoes.com/m/dealing_with_dad,True,Dealing with Dad | Tom Huang,Dealing with Dad
The Big Country,https://resizing.flixster.com/bjquVfHYIMKSeLQHIZjbiKLeuL8=/fit-in/80x126/v2/https://flxt.tmsimg.com/assets/p1185_p_v8_aa.jpg,1958,"Gregory Peck,Jean Simmons,Carroll Baker",100,fresh,https://www.rottentomatoes.com/m/big_country,True,The Big Country |,The Big Country
Tenet,https://resizing.flixster.com/u-lAhOVSfBp87MaqNk3b8fFohTc=/fit-in/80x126/v2/https://resizing.flixster.com/zHrh5Wu9CxOi55eiImv27H-7zMw=/ems.cHJkLWVtcy1hc3NldHMvbW92aWVzLzliMTVjNTkwLTA1ZTUtNDEyMS04NmNmLTBiMzA2OThhMGY0MC5qcGc=,2020,"John David Washington,Robert Pattinson,Elizabeth Debicki",69,fresh,https://www.rottentomatoes.com/m/tenet,True,Tenet |,Tenet
Sanjuro,https://resizing.flixster.com/Q6ogNxGmkAgrs4JvGOH9Q7uC2-g=/fit-in/80x126/v2/https://flxt.tmsimg.com/assets/p48389_p_v8_ab.jpg,1962,"Toshiro Mifune,Tatsuya Nakadai,Takashi Shimura",100,fresh,https://www.rottentomatoes.com/m/sanjuro,True,Sanjuro | Akira Kurosawa,Sanjuro
City of a Million Dreams,https://resizing.flixster.com/A2vMtRvkqnjIJZitlzUFRKUu-yQ=/fit-in/80x126/v2/https://resizing.flixster.com/lTxiYHDgMNvHQcZE9ntxPpp1kPc=/ems.cHJkLWVtcy1hc3NldHMvbW92aWVzLzIwYmE0ZjY4LThhZmQtNDMxZS1hZjJlLTQ3YTZlMjAwNTY3Zi5qcGc=,2021,"Deb Cotton,Michael White",,,https://www.rottentomatoes.com/m/city_of_a_million_dreams,False,City of a Million Dreams |,City of a Million Dreams
Zatoichi,https://resizing.flixster.com/OcxopRPimjlvXF4Zh0rivJaQoQ8=/fit-in/80x126/v2/https://flxt.tmsimg.com/assets/p34574_p_v8_aa.jpg,2003,"Takeshi Kitano,Tadanobu Asano,Michiyo Ohkusu",87,certified-fresh,https://www.rottentomatoes.com/m/zatoichi_2003,False,The Blind Swordsman: Zatoichi (2003) | Takeshi Kitano,The Blind Swordsman: Zatoichi (2003)
Inglourious Basterds,https://resizing.flixster.com/BFPGz4W-02M43CgiZGvRH1MX9i0=/fit-in/80x126/v2/https://flxt.tmsimg.com/assets/p193875_p_v7_aq.jpg,2009,"Brad Pitt,Mélanie Laurent,Christoph Waltz",89,certified-fresh,https://www.rottentomatoes.com/m/inglourious_basterds,True,Inglourious Basterds |,Inglourious Basterds
Midsommar,https://resizing.flixster.com/w6BSM_PUcpte2BDq7GK9AXQOEME=/fit-in/80x126/v2/https://flxt.tmsimg.com/assets/p16580609_p_v8_bh.jpg,2019,"Florence Pugh,Jack Reynor,William Jackson Harper",83,certified-fresh,https://www.rottentomatoes.com/m/midsommar,True,Midsommar |,Midsommar
Rudyard Kipling's The Jungle Book,https://resizing.flixster.com/XzsB4NHboM5EebtZkQvuTkqs090=/fit-in/80x126/v2/https://flxt.tmsimg.com/assets/p16300_p_v8_af.jpg,1994,"Jason Scott Lee,Cary Elwes,Lena Headey",80,certified-fresh,https://www.rottentomatoes.com/m/1057637-jungle_book,False,The Mummy (1999) | Stephen Sommers,The Mummy (1999)
Jawbreaker,https://resizing.flixster.com/mdZz7r5MX9hxMa2G2LCq5RE1d54=/fit-in/80x126/v2/https://flxt.tmsimg.com/NowShowing/17245/17245_aa.jpg,1999,"Rose McGowan,Rebecca Gayheart,Julie Benz",14,rotten,https://www.rottentomatoes.com/m/jawbreaker,True,Jawbreaker | Darren Stein,Jawbreaker
Rolling Thunder,https://resizing.flixster.com/9jKPjDf2UTHMVHLl7SKUrV9JwsU=/fit-in/80x126/v2/https://flxt.tmsimg.com/assets/p3578_p_v8_aa.jpg,1977,"William Devane,Tommy Lee Jones,Linda Haynes",86,fresh,https://www.rottentomatoes.com/m/1017818-rolling_thunder,True,Rolling Thunder |,Rolling Thunder
Asteroid City,https://resizing.flixster.com/AYmUZDQ6EDdxBj9A4Xi6xbfVjro=/fit-in/80x126/v2/https://resizing.flixster.com/N1dnUvL2FS7F9x090K-NlJXr-p4=/ems.cHJkLWVtcy1hc3NldHMvbW92aWVzLzMyNzc2ODYwLTJlMjYtNDgzNi05MmIwLWNiOTgzYzA4YjU0MC5qcGc=,2023,"Jason Schwartzman,Scarlett Johansson,Tom Hanks",78,fresh,https://www.rottentomatoes.com/m/asteroid_city,True,Asteroid City | Wes Anderson,Asteroid City
The Outfit,https://resizing.flixster.com/Wxk90asWiGBURk7QAxZVJpXgW_o=/fit-in/80x126/v2/https://resizing.flixster.com/mENrDQ1xs9Jq5uuPa2m4NCZ4EC0=/ems.cHJkLWVtcy1hc3NldHMvbW92aWVzLzAzYjIxNjVhLTRhMTEtNDk5Ni1hZWRjLWQxOWZmZGUxYjMzNS5qcGc=,2022,"Mark Rylance,Dylan O'Brien,Zoey Deutch",85,certified-fresh,https://www.rottentomatoes.com/m/the_outfit_2022,False,The Outfit '73 |,The Outfit '73
Django Unchained,https://resizing.flixster.com/1-R2nK664i7b8-nWsmQfyz8Pr_Q=/fit-in/80x126/v2/https://flxt.tmsimg.com/assets/p9287010_p_v8_aa.jpg,2012,"Jamie Foxx,Christoph Waltz,Leonardo DiCaprio",87,certified-fresh,https://www.rottentomatoes.com/m/django_unchained_2012,True,Django Unchained | Quentin Tarantino,Django Unchained
Asteroid City,https://resizing.flixster.com/AYmUZDQ6EDdxBj9A4Xi6xbfVjro=/fit-in/80x126/v2/https://resizing.flixster.com/N1dnUvL2FS7F9x090K-NlJXr-p4=/ems.cHJkLWVtcy1hc3NldHMvbW92aWVzLzMyNzc2ODYwLTJlMjYtNDgzNi05MmIwLWNiOTgzYzA4YjU0MC5qcGc=,2023,"Jason Schwartzman,Scarlett Johansson,Tom Hanks",78,fresh,https://www.rottentomatoes.com/m/asteroid_city,True,Asteroid City |,Asteroid City
"Merry Christmas, Mr. Lawrence",https://resizing.flixster.com/FM2jfxdVTX69l0WNsKD5Ryjqxe8=/fit-in/80x126/v2/https://flxt.tmsimg.com/assets/p7713_p_v8_ab.jpg,1983,"David Bowie,Tom Conti,Ryuichi Sakamoto",85,fresh,https://www.rottentomatoes.com/m/merry_christmas_mr_lawrence,True,"Merry Christmas, Mr. Lawrence |","Merry Christmas, Mr. Lawrence"
The Wicker Man - Final Cut,https://images.fandango.com/cms/assets/5d84d010-59b1-11ea-b175-791e911be53d--rt-poster-defaultgif.gif,2013,"Edward Woodward,Christopher Lee,Diane Cilento",100,fresh,https://www.rottentomatoes.com/m/the_wicker_man_final_cut,False,The Wicker Man  Restora |,The Wicker Man  Restora
Enter the Dragon,https://resizing.flixster.com/lfbAIsdWzlEifmtAzej7P6INiv8=/fit-in/80x126/v2/https://resizing.flixster.com/jCJyYHymmIIybP3qtO288TWwA80=/ems.cHJkLWVtcy1hc3NldHMvbW92aWVzLzQ3MWEzZDRjLTFkMmEtNDMxMy1iZWEwLTQ0MWFlZTMzNzlmNi5qcGc=,1973,"Bruce Lee,John Saxon,Jim Kelly",88,certified-fresh,https://www.rottentomatoes.com/m/enter_the_dragon,False,Enter the Drag Dragon |,Enter the Drag Dragon
Lady Snowblood,https://resizing.flixster.com/Cr2oL0eBag9zW2cZrh_Xw_nka8w=/fit-in/80x126/v2/https://flxt.tmsimg.com/assets/p9926449_p_v8_aa.jpg,1973,"Meiko Kaji,Toshio Kurosawa,Masaaki Daimon",100,fresh,https://www.rottentomatoes.com/m/lady_snowblood,True,Lady Snowblood | Toshiya Fujita,Lady Snowblood
Diary of a Mad Housewife,https://resizing.flixster.com/P_S1DFTeoTdDoG26suif_KT8JEU=/fit-in/80x126/v2/https://flxt.tmsimg.com/assets/p38006_p_v8_ad.jpg,1970,"Richard Benjamin,Carrie Snodgress,Frank Langella",82,fresh,https://www.rottentomatoes.com/m/diary_of_a_mad_housewife,False,It's a Mad Mad Mad Mad W |,It's a Mad Mad Mad Mad W
The Last Emperor,https://resizing.flixster.com/tWcHD80xis7bfAmpRXXzErpsN4s=/fit-in/80x126/v2/https://flxt.tmsimg.com/assets/p7559_p_v8_ai.jpg,1987,"John Lone,Joan Chen,Peter O'Toole",87,certified-fresh,https://www.rottentomatoes.com/m/last_emperor,True,The Last Emperor |,The Last Emperor
We Are Next of Kin,https://resizing.flixster.com/Gk__JbH7W5_XAJmM_UFjNEqDcsA=/fit-in/80x126/v2/https://resizing.flixster.com/e2l8-_9DIl6DQ_RKWVifzWfVPGQ=/ems.cHJkLWVtcy1hc3NldHMvbW92aWVzLzg4ZDQxYmE4LWRhYWQtNDA4ZC1iYzc4LTJiYWQyZDI5MmMzYS5qcGc=,2022,"Claude Heinrich,Adina Vetter,Justus von Dohnányi",,,https://www.rottentomatoes.com/m/we_are_next_of_kin,False,We Are Next of Kin | Hans-Christian Schmid,We Are Next of Kin
The Sheltering Sky,https://resizing.flixster.com/A3GE3PTAxulXN4N-F_tE0aKHC98=/fit-in/80x126/v2/https://flxt.tmsimg.com/assets/p12890_p_v8_aa.jpg,1990,"John Malkovich,Debra Winger,Campbell Scott",46,rotten,https://www.rottentomatoes.com/m/sheltering_sky,True,The Sheltering Sky |,The Sheltering Sky
Charade,https://resizing.flixster.com/gdn_SKPwVF1RS9UwW-Qw2IbbikA=/fit-in/80x126/v2/https://flxt.tmsimg.com/assets/p3421_p_v8_aj.jpg,1963,"Cary Grant,Audrey Hepburn,Walter Matthau",94,certified-fresh,https://www.rottentomatoes.com/m/1003883-charade,True,Charade | Stanley Donen,Charade
The Handmaiden,https://resizing.flixster.com/JnbiVSCavojC78OF-LYFaASDD7w=/fit-in/80x126/v2/https://resizing.flixster.com/Ritu1PPES6kedt1O7IhnXrC-rSc=/ems.cHJkLWVtcy1hc3NldHMvbW92aWVzL2NkZTlkYjdiLTg4M2ItNDFkMy1hOWIwLThhNjg4NjNhYzgwNi53ZWJw,2016,"Kim Min-hee,Kim Tae-ri,Ha Jung-woo",96,certified-fresh,https://www.rottentomatoes.com/m/the_handmaiden,False,The Handmaid’s Tale |,The Handmaid’s Tale
Love Is the Devil: Study of a Portrait of Francis Bacon,https://images.fandango.com/cms/assets/5d84d010-59b1-11ea-b175-791e911be53d--rt-poster-defaultgif.gif,1998,"Derek Jacobi,Daniel Craig,Tilda Swinton",67,fresh,https://www.rottentomatoes.com/m/love_is_the_devil,False,Love Is the Devil: Study for a Portrait of Francis Bacon |,Love Is the Devil: Study for a Portrait of Francis Bacon
Derrida,https://resizing.flixster.com/DYZiAVJmKpRCjRiSDEzuNjOzS8Y=/fit-in/80x126/v2/https://flxt.tmsimg.com/assets/p78862_p_v8_aa.jpg,2002,Jacques Derrida,82,fresh,https://www.rottentomatoes.com/m/derrida,True,Derrida |,Derrida
Three Outlaw Samurai,https://resizing.flixster.com/zJ0AGhA7nrUhwXL55ozqXY3aiKU=/fit-in/80x126/v2/https://flxt.tmsimg.com/assets/p84290_p_v8_aa.jpg,1964,"Tetsurô Tanba,Isamu Nagato,Mikijirō Hira",80,fresh,https://www.rottentomatoes.com/m/three_outlaw_samurai,True,Three Outlaw Samurai | Hideo Gosha,Three Outlaw Samurai
Stay Awake,https://resizing.flixster.com/DJ3LNIPsU02IQuhJUIEzm9tqpFk=/fit-in/80x126/v2/https://resizing.flixster.com/89q-2o5vNO2d9gG8wDUn0HTZqzw=/ems.cHJkLWVtcy1hc3NldHMvbW92aWVzL2NmNmIwMGFiLTE2MDEtNDEwMS05ZDZiLWJjMTVlZThmODY2My5qcGc=,2022,"Wyatt Oleff,Fin Argus,Chrissy Metz",88,fresh,https://www.rottentomatoes.com/m/stay_awake_2022,True,Stay Awake |,Stay Awake
Tony Takitani,https://resizing.flixster.com/zFikAB63l2AlUscRYjVkLdgnr0Q=/fit-in/80x126/v2/https://flxt.tmsimg.com/assets/p89608_p_v7_aa.jpg,2004,"Issei Ogata,Rie Miyazawa,Hidetoshi Nishijima",88,certified-fresh,https://www.rottentomatoes.com/m/tony_takitani,True,Tony Takitani |,Tony Takitani
Kuroneko,https://resizing.flixster.com/jddX6nKdOAkT7cJ6mP0w8lohBaU=/fit-in/80x126/v2/https://flxt.tmsimg.com/assets/p94464_p_v8_aa.jpg,1968,"Kichiemon Nakamura,Nobuko Otowa,Kiwako Taichi",96,fresh,https://www.rottentomatoes.com/m/kuroneko,True,Kuroneko | Kaneto Shindô,Kuroneko
Snake Eyes,https://resizing.flixster.com/gomKh6yG7waryrvlsI0Jgf6bZUs=/fit-in/80x126/v2/https://flxt.tmsimg.com/assets/p21456_p_v8_aj.jpg,1998,"Nicolas Cage,Gary Sinise,John Heard",41,rotten,https://www.rottentomatoes.com/m/snake_eyes,True,Snake Eyes |,Snake Eyes
The Revenant,https://resizing.flixster.com/L1RkgRtWovXuONQApwsyNO5Jt1k=/fit-in/80x126/v2/https://flxt.tmsimg.com/assets/p11598208_p_v13_bd.jpg,2015,"Leonardo DiCaprio,Tom Hardy,Domhnall Gleeson",78,certified-fresh,https://www.rottentomatoes.com/m/the_revenant_2015,True,The Revenant |,The Revenant
Raiders of the Lost Ark,https://resizing.flixster.com/-A4f_7janQqzH6-X3J9zq2oUoJ8=/fit-in/80x126/v2/https://resizing.flixster.com/hsDkcEPJ4iMDkn7z-MdA4S635eA=/ems.cHJkLWVtcy1hc3NldHMvbW92aWVzL2U2ODlhNDNkLTYzNzAtNDNlZi05NjJhLTM4ZTZlNzBiOTA4ZC5qcGc=,1981,"Harrison Ford,Karen Allen,Paul Freeman",93,certified-fresh,https://www.rottentomatoes.com/m/raiders_of_the_lost_ark,False,Indiana Jones & Dial Of |,Indiana Jones & Dial Of
Ryuichi Sakamoto: Coda,https://resizing.flixster.com/E4dmHhwZtPMMrtoVmicD9ZnxExM=/fit-in/80x126/v2/https://resizing.flixster.com/iXopNhgLI0M2BzVVQDs8hxG0rcM=/ems.cHJkLWVtcy1hc3NldHMvbW92aWVzL2YwN2Q4NTg3LTQzMjYtNDFlMi1iYTc5LTdlM2QyMjAyYmJkOS53ZWJw,2017,Ryuichi Sakamoto,98,certified-fresh,https://www.rottentomatoes.com/m/ryuichi_sakamoto_coda,True,Ryuichi Sakamoto: Coda |,Ryuichi Sakamoto: Coda
Fragments of Paradise,https://resizing.flixster.com/ikdT1XWYu-v0FgEV_ma68tuu3_E=/fit-in/80x126/v2/https://resizing.flixster.com/yYCeb6fd2fFxtSu9eAvnfJycMP0=/ems.cHJkLWVtcy1hc3NldHMvbW92aWVzL2M0ZWQ3ZDQ2LWEwNDMtNDIyYi1hMGFkLWY1YzcwZjRmMDkwYi5qcGc=,2022,"Martin Scorsese,Peter Bogdanovich,Jim Jarmusch",100,fresh,https://www.rottentomatoes.com/m/fragments_of_paradise,False,"What’s Up, Doc?


















Part of Seminar: What's Up, Doc? | Peter Bogdanovich","What’s Up, Doc?


















Part of Seminar: What's Up, Doc?"
The Rocky Horror Picture Show,https://resizing.flixster.com/OkQ4d3SJJCGpnA5xBoqNRed_pNs=/fit-in/80x126/v2/https://flxt.tmsimg.com/assets/p12793_p_v8_aq.jpg,1975,"Tim Curry,Susan Sarandon,Barry Bostwick",79,certified-fresh,https://www.rottentomatoes.com/m/rocky_horror_picture_show,True,The Rocky Horror Picture Show | Jim Sharman,The Rocky Horror Picture Show
Atomic Blonde,https://resizing.flixster.com/VwRBpfbNb6x0RiP7nOCYoTB6Y8A=/fit-in/80x126/v2/https://resizing.flixster.com/ebvQMh3FIMCCLBtIWuSLXxcllL4=/ems.cHJkLWVtcy1hc3NldHMvbW92aWVzL2Q2MmI4ZDI5LWYwZDktNDQ1OC1hMjc1LTNjMTNjMTE0ODk0ZS53ZWJw,2017,"Charlize Theron,James McAvoy,Eddie Marsan",79,certified-fresh,https://www.rottentomatoes.com/m/atomic_blonde_2017,True,Atomic Blonde | David Leitch,Atomic Blonde
John Wick: Chapter 4,https://resizing.flixster.com/F_JBKLHtGfRaAArWbvR8YUgQ-dc=/fit-in/80x126/v2/https://resizing.flixster.com/ayiSi8HrUS3_i-Jkru1P2oMM58Q=/ems.cHJkLWVtcy1hc3NldHMvbW92aWVzLzhiODAwYWIyLTM1MmItNGI1ZS1iOWQzLTdjZjAzMzI1MDc2Yy5qcGc=,2023,"Keanu Reeves,Donnie Yen,Bill Skarsgård",94,certified-fresh,https://www.rottentomatoes.com/m/john_wick_chapter_4,False,Yeah. A John Wick Marathon | David Leitch & Chad Stahelski,Yeah. A John Wick Marathon
Terminator 2: Judgment Day,https://resizing.flixster.com/OcQMoV0qvuB0VmFXxHk5Zjc66Zg=/fit-in/80x126/v2/https://flxt.tmsimg.com/assets/p13308_p_v8_ag.jpg,1991,"Arnold Schwarzenegger,Linda Hamilton,Edward Furlong",91,certified-fresh,https://www.rottentomatoes.com/m/terminator_2_judgment_day,True,Terminator 2: Judgment Day | James Cameron,Terminator 2: Judgment Day
Kagemusha,https://resizing.flixster.com/kGonXfNHj_wMwiiXToSvSDoIvuM=/fit-in/80x126/v2/https://flxt.tmsimg.com/assets/p1379_p_v12_af.jpg,1980,"Tatsuya Nakadai,Tsutomu Yamazaki,Kenichi Hagiwara",88,fresh,https://www.rottentomatoes.com/m/kagemusha,True,Kagemusha | Akira Kurosawa,Kagemusha
Samurai Jack: The Trilogy,https://images.fandango.com/cms/assets/5d84d010-59b1-11ea-b175-791e911be53d--rt-poster-defaultgif.gif,2001,"Phil LaMarr,Mako",,,https://www.rottentomatoes.com/m/samurai_jack_the_premiere_movie,False,The Samurai Trilogy |,The Samurai Trilogy
The Man Who Laughs,https://resizing.flixster.com/kIwZfU3xrSwbQ2eGIVewy5fESaU=/fit-in/80x126/v2/https://flxt.tmsimg.com/assets/p68117_p_v8_ab.jpg,1928,"Conrad Veidt,Mary Philbin,Olga Baclanova",100,fresh,https://www.rottentomatoes.com/m/the_man_who_laughs_1928,False,Silents: Mantrap |,Silents: Mantrap
The Canadian Surfer Movie,https://resizing.flixster.com/NVYJCcnclT0255bBY2W44DG-Oww=/fit-in/80x126/v2/https://flxt.tmsimg.com/assets/p13039564_p_v8_aa.jpg,2013,,,,https://www.rottentomatoes.com/m/the_canadian_surfer_movie,False,Silents: The Canadian |,Silents: The Canadian
The Birdcage,https://resizing.flixster.com/9CUrTuDGEoKnirxlo34csrcBt_M=/fit-in/80x126/v2/https://flxt.tmsimg.com/assets/p17763_p_v8_ah.jpg,1996,"Robin Williams,Gene Hackman,Nathan Lane",83,certified-fresh,https://www.rottentomatoes.com/m/birdcage,True,The Birdcage | Mike Nichols,The Birdcage
Kwaidan,https://resizing.flixster.com/WKG9EXIsAYfRgGHaQd7MNTpWZO4=/fit-in/80x126/v2/https://flxt.tmsimg.com/assets/p48059_p_v8_aa.jpg,1964,"Rentarô Mikuni,Michiyo Aratama,Tetsurô Tanba",91,certified-fresh,https://www.rottentomatoes.com/m/kwaidan,True,Kwaidan | Masaki Kobayashi,Kwaidan
Kiru,https://images.fandango.com/cms/assets/5d84d010-59b1-11ea-b175-791e911be53d--rt-poster-defaultgif.gif,1968,"Tatsuya Nakadai,Etsushi Takahashi,Naoko Kubo",,,https://www.rottentomatoes.com/m/kiru-kill,False,Kill! | Kihachi Okamoto,Kill!
The Lost World: Jurassic Park,https://resizing.flixster.com/rZlEEdvbvGqQmhrj_B9vQ4rtULg=/fit-in/80x126/v2/https://flxt.tmsimg.com/assets/p19410_p_v10_bi.jpg,1997,"Jeff Goldblum,Julianne Moore,Pete Postlethwaite",54,rotten,https://www.rottentomatoes.com/m/lost_world_jurassic_park,True,The Lost World: Jurassic Park | Steven Spielberg,The Lost World: Jurassic Park
The Muppet Movie,https://resizing.flixster.com/RO77nhrxfl0qY-EDEIWMzYlPij8=/fit-in/80x126/v2/https://flxt.tmsimg.com/assets/p4506_p_v10_ad.jpg,1979,"Charles Durning,Austin Pendleton,Steve Martin",88,certified-fresh,https://www.rottentomatoes.com/m/muppet_movie,False,"Seminar: The Muppet Movie


















Part of Seminar: The Muppet Movie |","Seminar: The Muppet Movie


















Part of Seminar: The Muppet Movie"
The Muppet Movie,https://resizing.flixster.com/RO77nhrxfl0qY-EDEIWMzYlPij8=/fit-in/80x126/v2/https://flxt.tmsimg.com/assets/p4506_p_v10_ad.jpg,1979,"Charles Durning,Austin Pendleton,Steve Martin",88,certified-fresh,https://www.rottentomatoes.com/m/muppet_movie,False,"The Muppet Movie


















Part of Seminar: The Muppet Movie | James Frawley","The Muppet Movie


















Part of Seminar: The Muppet Movie"
Bad Education,https://resizing.flixster.com/VNQqxbv5O9grqVuJua3uzLngSms=/fit-in/80x126/v2/https://flxt.tmsimg.com/assets/p17882074_p_v8_ad.jpg,2019,"Hugh Jackman,Allison Janney,Ray Romano",94,certified-fresh,https://www.rottentomatoes.com/m/bad_education_2019,False,Oklahoma! Starring Hugh Jackman | Trevor Nunn,Oklahoma! Starring Hugh Jackman
The Last of the Mohicans,https://resizing.flixster.com/wqyW3ouL97rhM9xv8QMO7WFy_8M=/fit-in/80x126/v2/https://flxt.tmsimg.com/assets/p14197_p_v12_an.jpg,1992,"Daniel Day-Lewis,Madeleine Stowe,Russell Means",94,certified-fresh,https://www.rottentomatoes.com/m/1040678-last_of_the_mohicans,False,"Seminar: Heat


















Part of Seminar: Heat | Michael Mann","Seminar: Heat


















Part of Seminar: Heat"
The Last of the Mohicans,https://resizing.flixster.com/wqyW3ouL97rhM9xv8QMO7WFy_8M=/fit-in/80x126/v2/https://flxt.tmsimg.com/assets/p14197_p_v12_an.jpg,1992,"Daniel Day-Lewis,Madeleine Stowe,Russell Means",94,certified-fresh,https://www.rottentomatoes.com/m/1040678-last_of_the_mohicans,False,"Heat


















Part of Seminar: Heat | Michael Mann","Heat


















Part of Seminar: Heat"
20 Days in Mariupol,https://resizing.flixster.com/p4NCowER9TY8_H04jteIqNK9iAM=/fit-in/80x126/v2/https://resizing.flixster.com/DFn5JdxpXnxOwZoIV3Lnrb0Xf7Q=/ems.cHJkLWVtcy1hc3NldHMvbW92aWVzLzA1YzI3OWU1LTgxNjAtNDY3YS04N2EzLTNhNTIzYjdlOGRkYy5qcGc=,2023,,100,fresh,https://www.rottentomatoes.com/m/20_days_in_mariupol,True,20 Days in Mariupol | Mstyslav Chernov,20 Days in Mariupol
National Theatre Live: Fleabag,https://resizing.flixster.com/MMerDIDr9ZhY17iLkgzVBxMJKW4=/fit-in/80x126/v2/https://resizing.flixster.com/a_5w48ZSCtY2NwTUsy4Zb9-Io_w=/ems.cHJkLWVtcy1hc3NldHMvbW92aWVzL2FmMmNjNWY3LWZiMjQtNDFlNy1iNDJkLTNlYzA5YjQ1ZjVmNC53ZWJw,2019,Phoebe Waller-Bridge,,,https://www.rottentomatoes.com/m/national_theatre_live_fleabag,False,Fleabag | Vicky Jones,Fleabag
Bad Boys II,https://resizing.flixster.com/NZKybxvcTUC9_YK9PgEznbzU3_Y=/fit-in/80x126/v2/https://flxt.tmsimg.com/assets/p31357_p_v8_ab.jpg,2003,"Martin Lawrence,Will Smith,Jordi Mollà",23,rotten,https://www.rottentomatoes.com/m/bad_boys_ii,True,Bad Boys II | Michael Bay,Bad Boys II
The Look of Silence,https://resizing.flixster.com/-t2fVrW64NsbbExMs3ndYzLueNA=/fit-in/80x126/v2/https://flxt.tmsimg.com/assets/p11467444_p_v8_ac.jpg,2014,Joshua Oppenheimer,96,certified-fresh,https://www.rottentomatoes.com/m/the_look_of_silence,False,Oppenheimer |,Oppenheimer
The Dark Knight,https://resizing.flixster.com/QhlXzdH4Sqb1mXeFPwuO6_eoaMc=/fit-in/80x126/v2/https://flxt.tmsimg.com/assets/p173378_p_v8_au.jpg,2008,"Christian Bale,Heath Ledger,Aaron Eckhart",94,certified-fresh,https://www.rottentomatoes.com/m/the_dark_knight,False,Oppenheimer in 70mm | Christopher Nolan,Oppenheimer in 70mm
Waiting for Guffman,https://resizing.flixster.com/ZqXKBS2GfyXIB_XroKTSIMdJ0H0=/fit-in/80x126/v2/https://flxt.tmsimg.com/assets/p18553_p_v8_aa.jpg,1996,"Christopher Guest,Eugene Levy,Fred Willard",91,certified-fresh,https://www.rottentomatoes.com/m/waiting_for_guffman,True,Waiting for Guffman | Christopher Guest,Waiting for Guffman
Ong-Bak: The Thai Warrior,https://resizing.flixster.com/3NN6KhSv_Qs2kWe9iuOnN9G3-04=/fit-in/80x126/v2/https://flxt.tmsimg.com/assets/p35693_p_v8_aa.jpg,2003,"Tony Jaa,Pumwaree Yodkamol,Petchtai Wongkamlao",85,certified-fresh,https://www.rottentomatoes.com/m/ongbak,True,Ong-Bak: The Thai Warrior | Prachya Pinkaew,Ong-Bak: The Thai Warrior
The Fire that Took Her,https://resizing.flixster.com/vGhX0uchDjUpDWyyOh5a8A6QDE4=/fit-in/80x126/v2/https://resizing.flixster.com/s7gIODG0IKcNCkxXbum2q6fvKxc=/ems.cHJkLWVtcy1hc3NldHMvbW92aWVzLzc2MDllOTk3LTJmNzUtNDllMC05NmRhLTliODFhYTY1ZjgyMy5qcGc=,2022,Judy Malinowski,100,fresh,https://www.rottentomatoes.com/m/the_fire_that_took_her,False,Silents: The Fire Brigade |,Silents: The Fire Brigade
The Big Parade,https://resizing.flixster.com/3hGDSD8CyGitLPmQawbR4ykIdFw=/fit-in/80x126/v2/https://flxt.tmsimg.com/assets/p10232_p_v8_aa.jpg,1925,"John Gilbert,Renée Adorée,Hobart Bosworth",100,fresh,https://www.rottentomatoes.com/m/the_big_parade,False,Silents: The Big Parade |,Silents: The Big Parade
