,theater,poster,exact_match,title,year,date,time,link,score,rt_link
0,Brattle,"<img src=""https://resizing.flixster.com/6Ztocw8WhlzHn6D3yAVnfMjsvqQ=/fit-in/80x126/v2/https://flxt.tmsimg.com/assets/p23061830_v_v13_ac.jpg"">", ,Smoking Causes Coughing,2022,03-23,10:15 PM,<a href=https://brattlefilm.org/movies/smoking-causes-coughing/>ğŸŸï¸</a>,100.0,<a href=https://www.rottentomatoes.com/m/smoking_causes_coughing>ğŸ…</a>
1,Coolidge,"<img src=""https://resizing.flixster.com/Sj0_U4TbRdW4UeiCju-H-fkK-TE=/fit-in/80x126/v2/https://flxt.tmsimg.com/assets/p25570_p_v8_av.jpg"">",?,"Crouching Tiger, Hidden Dragon (4K Restoration)",2000,03-23,10:15 PM,<a href=https://store.coolidge.org/websales/pages/ticketsearchcriteria.aspx?evtinfo=785194~2227d6a5-68f5-41c2-b22e-813c872c64f4&amp;>ğŸŸï¸</a>,98.0,<a href=https://www.rottentomatoes.com/m/crouching_tiger_hidden_dragon>ğŸ…</a>
20,Coolidge,"<img src=""https://resizing.flixster.com/xrQdTCXIsjOI_0PNvuTK0hVeDnQ=/fit-in/80x126/v2/https://resizing.flixster.com/tPmyl2BZ8CFrlOJ0pmd6U12K88E=/ems.cHJkLWVtcy1hc3NldHMvbW92aWVzLzgwOWQxZDQxLWZlZDItNGU5My04OGY1LTFjNGExZWEwMDVlYS5qcGc="">",?,2023 Oscar Nominated Shorts: Live Action,2021,03-23,3:45 PM,<a href=https://store.coolidge.org/websales/pages/ticketsearchcriteria.aspx?evtinfo=785209~2227d6a5-68f5-41c2-b22e-813c872c64f4&amp;>ğŸŸï¸</a>,100.0,<a href=https://www.rottentomatoes.com/m/2021_oscar_nominated_shorts_live_action>ğŸ…</a>
21,Coolidge,"<img src=""https://resizing.flixster.com/C-286AL0AJdmothpyivHFePoKdM=/fit-in/80x126/v2/https://resizing.flixster.com/jZNL2qncn2kr9JQMA1-L76K98cw=/ems.cHJkLWVtcy1hc3NldHMvbW92aWVzL2Y2ODA0MGRhLWZhNWItNDIwYy05MzY3LTczZjVmMDcyMzM0Ni5qcGc="">", ,Return to Seoul,2022,03-23,4:00 PM,<a href=https://store.coolidge.org/websales/pages/ticketsearchcriteria.aspx?evtinfo=785182~2227d6a5-68f5-41c2-b22e-813c872c64f4&amp;>ğŸŸï¸</a>,97.0,<a href=https://www.rottentomatoes.com/m/return_to_seoul>ğŸ…</a>
2,Coolidge,"<img src=""https://resizing.flixster.com/Sj0_U4TbRdW4UeiCju-H-fkK-TE=/fit-in/80x126/v2/https://flxt.tmsimg.com/assets/p25570_p_v8_av.jpg"">",?,"Crouching Tiger, Hidden Dragon (4K Restoration)",2000,03-23,4:15 PM,<a href=https://store.coolidge.org/websales/pages/ticketsearchcriteria.aspx?evtinfo=785199~2227d6a5-68f5-41c2-b22e-813c872c64f4&amp;>ğŸŸï¸</a>,98.0,<a href=https://www.rottentomatoes.com/m/crouching_tiger_hidden_dragon>ğŸ…</a>
42,Coolidge,"<img src=""https://resizing.flixster.com/nsw3i1reN36SCVnNIYyDoRkERDs=/fit-in/80x126/v2/https://resizing.flixster.com/_6p5XUDwq1MBH_OZtlIdfO60RXM=/ems.cHJkLWVtcy1hc3NldHMvbW92aWVzL2FkODdlMTZmLTMzZjYtNDg2NC1iN2U1LTgyYTkwNGEwZDJmMC5qcGc="">", ,The Quiet Girl,2022,03-23,4:30 PM,<a href=https://store.coolidge.org/websales/pages/ticketsearchcriteria.aspx?evtinfo=785163~2227d6a5-68f5-41c2-b22e-813c872c64f4&amp;>ğŸŸï¸</a>,96.0,<a href=https://www.rottentomatoes.com/m/the_quiet_girl>ğŸ…</a>
78,Brattle,"<img src=""https://resizing.flixster.com/dhPZeg-4ZohuxhFLd432cH97e98=/fit-in/80x126/v2/https://flxt.tmsimg.com/assets/p9417_p_v8_ay.jpg"">",?,Stand By for Failure: A Documentary About Negativland,1986,03-23,5:30 PM,<a href=https://brattlefilm.org/movies/stand-by-for-failure-a-documentary-about-negativland/>ğŸŸï¸</a>,92.0,<a href=https://www.rottentomatoes.com/m/stand_by_me_1986>ğŸ…</a>
44,Somerville,"<img src=""https://resizing.flixster.com/nsw3i1reN36SCVnNIYyDoRkERDs=/fit-in/80x126/v2/https://resizing.flixster.com/_6p5XUDwq1MBH_OZtlIdfO60RXM=/ems.cHJkLWVtcy1hc3NldHMvbW92aWVzL2FkODdlMTZmLTMzZjYtNDg2NC1iN2U1LTgyYTkwNGEwZDJmMC5qcGc="">", ,The Quiet Girl,2022,03-23,6:00 PM,<a href=https://20163.formovietickets.com:2235/T.ASP?WCI=BT&Page=PickTickets&SHOWID=44254&PLACEID=2>ğŸŸï¸</a>,96.0,<a href=https://www.rottentomatoes.com/m/the_quiet_girl>ğŸ…</a>
79,Somerville,"<img src=""https://resizing.flixster.com/Bwlr5LkPXSyRt56Nlgy7YmGAdvo=/fit-in/80x126/v2/https://resizing.flixster.com/HyxB3a8sdK-y6fUI4akiNAT39KQ=/ems.cHJkLWVtcy1hc3NldHMvbW92aWVzL2I1YjM3YTg1LTg5YTgtNGUzNC1iMjFmLTJkMmIwNmQ1ZTk0YS5qcGc="">", ,Cocaine Bear,2023,03-23,6:00 PM,<a href=https://20163.formovietickets.com:2235/T.ASP?WCI=BT&Page=PickTickets&SHOWID=44253&PLACEID=3>ğŸŸï¸</a>,68.0,<a href=https://www.rottentomatoes.com/m/cocaine_bear>ğŸ…</a>
22,Coolidge,"<img src=""https://resizing.flixster.com/C-286AL0AJdmothpyivHFePoKdM=/fit-in/80x126/v2/https://resizing.flixster.com/jZNL2qncn2kr9JQMA1-L76K98cw=/ems.cHJkLWVtcy1hc3NldHMvbW92aWVzL2Y2ODA0MGRhLWZhNWItNDIwYy05MzY3LTczZjVmMDcyMzM0Ni5qcGc="">", ,Return to Seoul,2022,03-23,6:30 PM,<a href=https://store.coolidge.org/websales/pages/ticketsearchcriteria.aspx?evtinfo=785190~2227d6a5-68f5-41c2-b22e-813c872c64f4&amp;>ğŸŸï¸</a>,97.0,<a href=https://www.rottentomatoes.com/m/return_to_seoul>ğŸ…</a>
46,Coolidge,"<img src=""https://resizing.flixster.com/nsw3i1reN36SCVnNIYyDoRkERDs=/fit-in/80x126/v2/https://resizing.flixster.com/_6p5XUDwq1MBH_OZtlIdfO60RXM=/ems.cHJkLWVtcy1hc3NldHMvbW92aWVzL2FkODdlMTZmLTMzZjYtNDg2NC1iN2U1LTgyYTkwNGEwZDJmMC5qcGc="">", ,The Quiet Girl,2022,03-23,6:45 PM,<a href=https://store.coolidge.org/websales/pages/ticketsearchcriteria.aspx?evtinfo=785168~2227d6a5-68f5-41c2-b22e-813c872c64f4&amp;>ğŸŸï¸</a>,96.0,<a href=https://www.rottentomatoes.com/m/the_quiet_girl>ğŸ…</a>
80,Coolidge,"<img src=""https://resizing.flixster.com/jnoF8TuhoxD9rxa2VTHX0cA8gNs=/fit-in/80x126/v2/https://flxt.tmsimg.com/assets/p15398_p_v8_aa.jpg"">", ,Hoop Dreams,1994,03-23,7:00 PM,<a href=https://store.coolidge.org/websales/pages/ticketsearchcriteria.aspx?evtinfo=770599~2227d6a5-68f5-41c2-b22e-813c872c64f4&amp;>ğŸŸï¸</a>,98.0,<a href=https://www.rottentomatoes.com/m/hoop_dreams>ğŸ…</a>
81,Somerville,"<img src=""https://resizing.flixster.com/F_JBKLHtGfRaAArWbvR8YUgQ-dc=/fit-in/80x126/v2/https://resizing.flixster.com/ayiSi8HrUS3_i-Jkru1P2oMM58Q=/ems.cHJkLWVtcy1hc3NldHMvbW92aWVzLzhiODAwYWIyLTM1MmItNGI1ZS1iOWQzLTdjZjAzMzI1MDc2Yy5qcGc="">",?,John Wick 4,2023,03-23,7:00 PM,<a href=https://20163.formovietickets.com:2235/T.ASP?WCI=BT&Page=PickTickets&SHOWID=44259&PLACEID=1>ğŸŸï¸</a>,94.0,<a href=https://www.rottentomatoes.com/m/john_wick_chapter_4>ğŸ…</a>
82,Brattle,"<img src=""https://resizing.flixster.com/9ql8VYNFs-dYKG3kaZiUjABAm4g=/fit-in/80x126/v2/https://flxt.tmsimg.com/assets/p13111221_p_v5_aa.jpg"">",?,Spaghetti Junction,2016,03-23,7:45 PM,<a href=https://brattlefilm.org/movies/spaghetti-junction/>ğŸŸï¸</a>,78.0,<a href=https://www.rottentomatoes.com/m/junction_48>ğŸ…</a>
48,Coolidge,"<img src=""https://resizing.flixster.com/nsw3i1reN36SCVnNIYyDoRkERDs=/fit-in/80x126/v2/https://resizing.flixster.com/_6p5XUDwq1MBH_OZtlIdfO60RXM=/ems.cHJkLWVtcy1hc3NldHMvbW92aWVzL2FkODdlMTZmLTMzZjYtNDg2NC1iN2U1LTgyYTkwNGEwZDJmMC5qcGc="">", ,The Quiet Girl,2022,03-23,9:00 PM,<a href=https://store.coolidge.org/websales/pages/ticketsearchcriteria.aspx?evtinfo=785162~2227d6a5-68f5-41c2-b22e-813c872c64f4&amp;>ğŸŸï¸</a>,96.0,<a href=https://www.rottentomatoes.com/m/the_quiet_girl>ğŸ…</a>
23,Coolidge,"<img src=""https://resizing.flixster.com/C-286AL0AJdmothpyivHFePoKdM=/fit-in/80x126/v2/https://resizing.flixster.com/jZNL2qncn2kr9JQMA1-L76K98cw=/ems.cHJkLWVtcy1hc3NldHMvbW92aWVzL2Y2ODA0MGRhLWZhNWItNDIwYy05MzY3LTczZjVmMDcyMzM0Ni5qcGc="">", ,Return to Seoul,2022,03-23,9:15 PM,<a href=https://store.coolidge.org/websales/pages/ticketsearchcriteria.aspx?evtinfo=785176~2227d6a5-68f5-41c2-b22e-813c872c64f4&amp;>ğŸŸï¸</a>,97.0,<a href=https://www.rottentomatoes.com/m/return_to_seoul>ğŸ…</a>
83,Brattle,"<img src=""https://resizing.flixster.com/EZCVZiyDeGSx8OZED2hIM_-woz4=/fit-in/80x126/v2/https://flxt.tmsimg.com/assets/p19587993_p_v8_ab.jpg"">",?,BUFF Shorts: Trigger Warning,2021,03-24,11:30 PM,<a href=https://brattlefilm.org/movies/buff-shorts-trigger-warning/>ğŸŸï¸</a>,38.0,<a href=https://www.rottentomatoes.com/m/trigger_point_2021>ğŸ…</a>
84,Coolidge,"<img src=""https://resizing.flixster.com/mDnEj2x1XofSJXbIwbNIeG6bdhA=/fit-in/80x126/v2/https://flxt.tmsimg.com/assets/p2704_p_v8_ab.jpg"">", ,Barbarella,1968,03-24,11:59 PM,<a href=https://store.coolidge.org/websales/pages/ticketsearchcriteria.aspx?evtinfo=780665~2227d6a5-68f5-41c2-b22e-813c872c64f4&amp;>ğŸŸï¸</a>,74.0,<a href=https://www.rottentomatoes.com/m/barbarella>ğŸ…</a>
50,Coolidge,"<img src=""https://resizing.flixster.com/nsw3i1reN36SCVnNIYyDoRkERDs=/fit-in/80x126/v2/https://resizing.flixster.com/_6p5XUDwq1MBH_OZtlIdfO60RXM=/ems.cHJkLWVtcy1hc3NldHMvbW92aWVzL2FkODdlMTZmLTMzZjYtNDg2NC1iN2U1LTgyYTkwNGEwZDJmMC5qcGc="">", ,The Quiet Girl,2022,03-24,4:00 PM,<a href=https://store.coolidge.org/websales/pages/ticketsearchcriteria.aspx?evtinfo=786488~2227d6a5-68f5-41c2-b22e-813c872c64f4&amp;>ğŸŸï¸</a>,96.0,<a href=https://www.rottentomatoes.com/m/the_quiet_girl>ğŸ…</a>
3,Coolidge,"<img src=""https://resizing.flixster.com/Sj0_U4TbRdW4UeiCju-H-fkK-TE=/fit-in/80x126/v2/https://flxt.tmsimg.com/assets/p25570_p_v8_av.jpg"">",?,"Crouching Tiger, Hidden Dragon (4K Restoration)",2000,03-24,4:15 PM,<a href=https://store.coolidge.org/websales/pages/ticketsearchcriteria.aspx?evtinfo=786465~2227d6a5-68f5-41c2-b22e-813c872c64f4&amp;>ğŸŸï¸</a>,98.0,<a href=https://www.rottentomatoes.com/m/crouching_tiger_hidden_dragon>ğŸ…</a>
85,Coolidge,"<img src=""https://resizing.flixster.com/bnNMdP7xySdElPQekzgcddTlyI4=/fit-in/80x126/v2/https://resizing.flixster.com/GAQApQsVRCn63psq9QzGlw1ORNQ=/ems.cHJkLWVtcy1hc3NldHMvbW92aWVzLzVkYTMwZWFmLTQ3NDAtNDVjNi05NTcxLTFmMGI2NzBjNTYwNi5qcGc="">", ,A Good Person,2023,03-24,4:30 PM,<a href=https://store.coolidge.org/websales/pages/ticketsearchcriteria.aspx?evtinfo=786429~2227d6a5-68f5-41c2-b22e-813c872c64f4&amp;>ğŸŸï¸</a>,53.0,<a href=https://www.rottentomatoes.com/m/a_good_person>ğŸ…</a>
137,Coolidge,"<img src=""https://resizing.flixster.com/Tq-Wi8G4apJ7jcCL0WTyZ1kVPto=/fit-in/80x126/v2/https://flxt.tmsimg.com/assets/p71683_p_v8_aa.jpg"">",?,James Baldwin Abroad: A Program of 3 Films,1971,03-24,4:45 PM,<a href=https://store.coolidge.org/websales/pages/ticketsearchcriteria.aspx?evtinfo=786450~2227d6a5-68f5-41c2-b22e-813c872c64f4&amp;>ğŸŸï¸</a>,97.0,<a href=https://www.rottentomatoes.com/m/touch_of_zen>ğŸ…</a>
154,Brattle,"<img src=""https://resizing.flixster.com/S-3E6NriZ0KhaGXfv2pKIFQ7250=/fit-in/80x126/v2/https://flxt.tmsimg.com/assets/p9169986_p_v10_aa.jpg"">",?,BUFF Shorts: The Dunwich Horrors,2012,03-24,5:15 PM,<a href=https://brattlefilm.org/movies/buff-shorts-the-dunwich-horrors/>ğŸŸï¸</a>,89.0,<a href=https://www.rottentomatoes.com/m/love_in_the_buff>ğŸ…</a>
24,Coolidge,"<img src=""https://resizing.flixster.com/C-286AL0AJdmothpyivHFePoKdM=/fit-in/80x126/v2/https://resizing.flixster.com/jZNL2qncn2kr9JQMA1-L76K98cw=/ems.cHJkLWVtcy1hc3NldHMvbW92aWVzL2Y2ODA0MGRhLWZhNWItNDIwYy05MzY3LTczZjVmMDcyMzM0Ni5qcGc="">", ,Return to Seoul,2022,03-24,6:30 PM,<a href=https://store.coolidge.org/websales/pages/ticketsearchcriteria.aspx?evtinfo=786478~2227d6a5-68f5-41c2-b22e-813c872c64f4&amp;>ğŸŸï¸</a>,97.0,<a href=https://www.rottentomatoes.com/m/return_to_seoul>ğŸ…</a>
138,Coolidge,"<img src=""https://resizing.flixster.com/Tq-Wi8G4apJ7jcCL0WTyZ1kVPto=/fit-in/80x126/v2/https://flxt.tmsimg.com/assets/p71683_p_v8_aa.jpg"">",?,James Baldwin Abroad: A Program of 3 Films,1971,03-24,6:45 PM,<a href=https://store.coolidge.org/websales/pages/ticketsearchcriteria.aspx?evtinfo=786458~2227d6a5-68f5-41c2-b22e-813c872c64f4&amp;>ğŸŸï¸</a>,97.0,<a href=https://www.rottentomatoes.com/m/touch_of_zen>ğŸ…</a>
87,Coolidge,"<img src=""https://resizing.flixster.com/bnNMdP7xySdElPQekzgcddTlyI4=/fit-in/80x126/v2/https://resizing.flixster.com/GAQApQsVRCn63psq9QzGlw1ORNQ=/ems.cHJkLWVtcy1hc3NldHMvbW92aWVzLzVkYTMwZWFmLTQ3NDAtNDVjNi05NTcxLTFmMGI2NzBjNTYwNi5qcGc="">", ,A Good Person,2023,03-24,7:00 PM,<a href=https://store.coolidge.org/websales/pages/ticketsearchcriteria.aspx?evtinfo=786426~2227d6a5-68f5-41c2-b22e-813c872c64f4&amp;>ğŸŸï¸</a>,53.0,<a href=https://www.rottentomatoes.com/m/a_good_person>ğŸ…</a>
155,Brattle,"<img src=""https://resizing.flixster.com/AtlHMynm4tiNGLSVL04DXxv-rJw=/fit-in/80x126/v2/https://resizing.flixster.com/zH6F12SXkzo6H1tIeQiDgqGFxYM=/ems.cHJkLWVtcy1hc3NldHMvbW92aWVzLzgwY2NiY2Q2LTAyMDAtNDUwYi05MTNiLTk4NjFkOTBkMjg0Yi5wbmc="">", ,Mister Organ,2022,03-24,7:15 PM,<a href=https://brattlefilm.org/movies/mister-organ/>ğŸŸï¸</a>,93.0,<a href=https://www.rottentomatoes.com/m/mister_organ>ğŸ…</a>
89,Somerville,"<img src=""https://resizing.flixster.com/bnNMdP7xySdElPQekzgcddTlyI4=/fit-in/80x126/v2/https://resizing.flixster.com/GAQApQsVRCn63psq9QzGlw1ORNQ=/ems.cHJkLWVtcy1hc3NldHMvbW92aWVzLzVkYTMwZWFmLTQ3NDAtNDVjNi05NTcxLTFmMGI2NzBjNTYwNi5qcGc="">", ,A Good Person,2023,03-24,8:00 PM,<a href=https://20163.formovietickets.com:2235/T.ASP?WCI=BT&Page=PickTickets&SHOWID=44261&PLACEID=3>ğŸŸï¸</a>,53.0,<a href=https://www.rottentomatoes.com/m/a_good_person>ğŸ…</a>
25,Coolidge,"<img src=""https://resizing.flixster.com/C-286AL0AJdmothpyivHFePoKdM=/fit-in/80x126/v2/https://resizing.flixster.com/jZNL2qncn2kr9JQMA1-L76K98cw=/ems.cHJkLWVtcy1hc3NldHMvbW92aWVzL2Y2ODA0MGRhLWZhNWItNDIwYy05MzY3LTczZjVmMDcyMzM0Ni5qcGc="">", ,Return to Seoul,2022,03-24,9:00 PM,<a href=https://store.coolidge.org/websales/pages/ticketsearchcriteria.aspx?evtinfo=786482~2227d6a5-68f5-41c2-b22e-813c872c64f4&amp;>ğŸŸï¸</a>,97.0,<a href=https://www.rottentomatoes.com/m/return_to_seoul>ğŸ…</a>
4,Coolidge,"<img src=""https://resizing.flixster.com/Sj0_U4TbRdW4UeiCju-H-fkK-TE=/fit-in/80x126/v2/https://flxt.tmsimg.com/assets/p25570_p_v8_av.jpg"">",?,"Crouching Tiger, Hidden Dragon (4K Restoration)",2000,03-24,9:15 PM,<a href=https://store.coolidge.org/websales/pages/ticketsearchcriteria.aspx?evtinfo=786471~2227d6a5-68f5-41c2-b22e-813c872c64f4&amp;>ğŸŸï¸</a>,98.0,<a href=https://www.rottentomatoes.com/m/crouching_tiger_hidden_dragon>ğŸ…</a>
156,Brattle,"<img src=""https://resizing.flixster.com/DgxAsRm79teAxtu1GcWemgZDlnI=/fit-in/80x126/v2/https://resizing.flixster.com/XiATnQ2FhRuMfmtiN5Rr5cCH6DM=/ems.cHJkLWVtcy1hc3NldHMvbW92aWVzLzU4YTEzMDgzLWRhNDAtNDRjNS1hMzQ0LTgxMzFiMDA4MDBlMS5qcGc="">", ,Enys Men,2022,03-24,9:30 PM,<a href=https://brattlefilm.org/movies/enys-men/>ğŸŸï¸</a>,86.0,<a href=https://www.rottentomatoes.com/m/enys_men>ğŸ…</a>
91,Coolidge,"<img src=""https://resizing.flixster.com/bnNMdP7xySdElPQekzgcddTlyI4=/fit-in/80x126/v2/https://resizing.flixster.com/GAQApQsVRCn63psq9QzGlw1ORNQ=/ems.cHJkLWVtcy1hc3NldHMvbW92aWVzLzVkYTMwZWFmLTQ3NDAtNDVjNi05NTcxLTFmMGI2NzBjNTYwNi5qcGc="">", ,A Good Person,2023,03-24,9:45 PM,<a href=https://store.coolidge.org/websales/pages/ticketsearchcriteria.aspx?evtinfo=786436~2227d6a5-68f5-41c2-b22e-813c872c64f4&amp;>ğŸŸï¸</a>,53.0,<a href=https://www.rottentomatoes.com/m/a_good_person>ğŸ…</a>
93,Coolidge,"<img src=""https://resizing.flixster.com/bnNMdP7xySdElPQekzgcddTlyI4=/fit-in/80x126/v2/https://resizing.flixster.com/GAQApQsVRCn63psq9QzGlw1ORNQ=/ems.cHJkLWVtcy1hc3NldHMvbW92aWVzLzVkYTMwZWFmLTQ3NDAtNDVjNi05NTcxLTFmMGI2NzBjNTYwNi5qcGc="">", ,A Good Person,2023,03-25,11:00 AM,<a href=https://store.coolidge.org/websales/pages/ticketsearchcriteria.aspx?evtinfo=786407~2227d6a5-68f5-41c2-b22e-813c872c64f4&amp;>ğŸŸï¸</a>,53.0,<a href=https://www.rottentomatoes.com/m/a_good_person>ğŸ…</a>
157,Somerville,"<img src=""https://resizing.flixster.com/LSxUn7RbtcIDPDfBx2xoZ6AqFmY=/fit-in/80x126/v2/https://flxt.tmsimg.com/assets/p3003_p_v8_aa.jpg"">", ,Times Square,1980,03-25,11:00 PM,<a href=https://20163.formovietickets.com:2235/T.ASP?WCI=BT&Page=PickTickets&SHOWID=44008&PLACEID=1>ğŸŸï¸</a>,50.0,<a href=https://www.rottentomatoes.com/m/times_square>ğŸ…</a>
52,Coolidge,"<img src=""https://resizing.flixster.com/nsw3i1reN36SCVnNIYyDoRkERDs=/fit-in/80x126/v2/https://resizing.flixster.com/_6p5XUDwq1MBH_OZtlIdfO60RXM=/ems.cHJkLWVtcy1hc3NldHMvbW92aWVzL2FkODdlMTZmLTMzZjYtNDg2NC1iN2U1LTgyYTkwNGEwZDJmMC5qcGc="">", ,The Quiet Girl,2022,03-25,11:15 AM,<a href=https://store.coolidge.org/websales/pages/ticketsearchcriteria.aspx?evtinfo=786433~2227d6a5-68f5-41c2-b22e-813c872c64f4&amp;>ğŸŸï¸</a>,96.0,<a href=https://www.rottentomatoes.com/m/the_quiet_girl>ğŸ…</a>
26,Coolidge,"<img src=""https://resizing.flixster.com/C-286AL0AJdmothpyivHFePoKdM=/fit-in/80x126/v2/https://resizing.flixster.com/jZNL2qncn2kr9JQMA1-L76K98cw=/ems.cHJkLWVtcy1hc3NldHMvbW92aWVzL2Y2ODA0MGRhLWZhNWItNDIwYy05MzY3LTczZjVmMDcyMzM0Ni5qcGc="">", ,Return to Seoul,2022,03-25,11:30 AM,<a href=https://store.coolidge.org/websales/pages/ticketsearchcriteria.aspx?evtinfo=786432~2227d6a5-68f5-41c2-b22e-813c872c64f4&amp;>ğŸŸï¸</a>,97.0,<a href=https://www.rottentomatoes.com/m/return_to_seoul>ğŸ…</a>
158,Brattle,"<img src=""https://resizing.flixster.com/XteFGQ3TixYEo7o5TDqbCdl_F4w=/fit-in/80x126/v2/https://resizing.flixster.com/q72Hjb0KClodLVDtFbXY06ZQLDY=/ems.cHJkLWVtcy1hc3NldHMvbW92aWVzLzExNmI0MjFjLWE1YTctNGUxNC05Nzg1LWIyZDRlYThjZDIyNS5qcGc="">", ,Divinity,2023,03-25,11:30 PM,<a href=https://brattlefilm.org/movies/divinity/>ğŸŸï¸</a>,55.0,<a href=https://www.rottentomatoes.com/m/divinity>ğŸ…</a>
139,Coolidge,"<img src=""https://resizing.flixster.com/Tq-Wi8G4apJ7jcCL0WTyZ1kVPto=/fit-in/80x126/v2/https://flxt.tmsimg.com/assets/p71683_p_v8_aa.jpg"">",?,James Baldwin Abroad: A Program of 3 Films,1971,03-25,11:45 AM,<a href=https://store.coolidge.org/websales/pages/ticketsearchcriteria.aspx?evtinfo=786434~2227d6a5-68f5-41c2-b22e-813c872c64f4&amp;>ğŸŸï¸</a>,97.0,<a href=https://www.rottentomatoes.com/m/touch_of_zen>ğŸ…</a>
159,Coolidge,"<img src=""https://resizing.flixster.com/KZF4kbANCyUegXvHFWZsV1acmN4=/fit-in/80x126/v2/https://flxt.tmsimg.com/assets/p4402_p_v8_aa.jpg"">", ,Heavy Metal,1981,03-25,11:59 PM,<a href=https://store.coolidge.org/websales/pages/ticketsearchcriteria.aspx?evtinfo=780619~2227d6a5-68f5-41c2-b22e-813c872c64f4&amp;>ğŸŸï¸</a>,66.0,<a href=https://www.rottentomatoes.com/m/1068461-heavy_metal>ğŸ…</a>
160,Brattle,"<img src=""https://resizing.flixster.com/9uRq_B1-zhXI8JJiX5DXag35nVQ=/fit-in/80x126/v2/https://resizing.flixster.com/zGstH0g8xoWyZCzBElv8KBxhXYI=/ems.cHJkLWVtcy1hc3NldHMvbW92aWVzLzUwMjNkYjcwLTIzMGUtNGNiMy04NWJiLWRhMjRjNWQ3YmE3OS5qcGc="">", ,Moon Garden,2022,03-25,12:30 PM,<a href=https://brattlefilm.org/movies/moon-garden/>ğŸŸï¸</a>,100.0,<a href=https://www.rottentomatoes.com/m/moon_garden>ğŸ…</a>
27,Coolidge,"<img src=""https://resizing.flixster.com/C-286AL0AJdmothpyivHFePoKdM=/fit-in/80x126/v2/https://resizing.flixster.com/jZNL2qncn2kr9JQMA1-L76K98cw=/ems.cHJkLWVtcy1hc3NldHMvbW92aWVzL2Y2ODA0MGRhLWZhNWItNDIwYy05MzY3LTczZjVmMDcyMzM0Ni5qcGc="">", ,Return to Seoul,2022,03-25,1:30 PM,<a href=https://store.coolidge.org/websales/pages/ticketsearchcriteria.aspx?evtinfo=786422~2227d6a5-68f5-41c2-b22e-813c872c64f4&amp;>ğŸŸï¸</a>,97.0,<a href=https://www.rottentomatoes.com/m/return_to_seoul>ğŸ…</a>
95,Coolidge,"<img src=""https://resizing.flixster.com/bnNMdP7xySdElPQekzgcddTlyI4=/fit-in/80x126/v2/https://resizing.flixster.com/GAQApQsVRCn63psq9QzGlw1ORNQ=/ems.cHJkLWVtcy1hc3NldHMvbW92aWVzLzVkYTMwZWFmLTQ3NDAtNDVjNi05NTcxLTFmMGI2NzBjNTYwNi5qcGc="">", ,A Good Person,2023,03-25,1:45 PM,<a href=https://store.coolidge.org/websales/pages/ticketsearchcriteria.aspx?evtinfo=786409~2227d6a5-68f5-41c2-b22e-813c872c64f4&amp;>ğŸŸï¸</a>,53.0,<a href=https://www.rottentomatoes.com/m/a_good_person>ğŸ…</a>
140,Coolidge,"<img src=""https://resizing.flixster.com/Tq-Wi8G4apJ7jcCL0WTyZ1kVPto=/fit-in/80x126/v2/https://flxt.tmsimg.com/assets/p71683_p_v8_aa.jpg"">",?,James Baldwin Abroad: A Program of 3 Films,1971,03-25,2:00 PM,<a href=https://store.coolidge.org/websales/pages/ticketsearchcriteria.aspx?evtinfo=786459~2227d6a5-68f5-41c2-b22e-813c872c64f4&amp;>ğŸŸï¸</a>,97.0,<a href=https://www.rottentomatoes.com/m/touch_of_zen>ğŸ…</a>
161,Brattle,"<img src=""https://resizing.flixster.com/xUoXqXSD_dpGfa6VjFJuUo4jQrc=/fit-in/80x126/v2/https://resizing.flixster.com/ZetCLYRIcL4W9t7duPpTgkYY-l8=/ems.cHJkLWVtcy1hc3NldHMvbW92aWVzLzcyMzg4OGY2LWQyOGEtNDgzZC05YTFhLTk0ZTdjMDZkNjFlYi5qcGc="">",?,BUFF Shorts: Sound & Vision,2021,03-25,2:30 PM,<a href=https://brattlefilm.org/movies/buff-shorts-sound-vision/>ğŸŸï¸</a>,100.0,<a href=https://www.rottentomatoes.com/m/bitchin_the_sound_and_fury_of_rick_james>ğŸ…</a>
54,Coolidge,"<img src=""https://resizing.flixster.com/nsw3i1reN36SCVnNIYyDoRkERDs=/fit-in/80x126/v2/https://resizing.flixster.com/_6p5XUDwq1MBH_OZtlIdfO60RXM=/ems.cHJkLWVtcy1hc3NldHMvbW92aWVzL2FkODdlMTZmLTMzZjYtNDg2NC1iN2U1LTgyYTkwNGEwZDJmMC5qcGc="">", ,The Quiet Girl,2022,03-25,4:00 PM,<a href=https://store.coolidge.org/websales/pages/ticketsearchcriteria.aspx?evtinfo=786431~2227d6a5-68f5-41c2-b22e-813c872c64f4&amp;>ğŸŸï¸</a>,96.0,<a href=https://www.rottentomatoes.com/m/the_quiet_girl>ğŸ…</a>
5,Coolidge,"<img src=""https://resizing.flixster.com/Sj0_U4TbRdW4UeiCju-H-fkK-TE=/fit-in/80x126/v2/https://flxt.tmsimg.com/assets/p25570_p_v8_av.jpg"">",?,"Crouching Tiger, Hidden Dragon (4K Restoration)",2000,03-25,4:15 PM,<a href=https://store.coolidge.org/websales/pages/ticketsearchcriteria.aspx?evtinfo=786419~2227d6a5-68f5-41c2-b22e-813c872c64f4&amp;>ğŸŸï¸</a>,98.0,<a href=https://www.rottentomatoes.com/m/crouching_tiger_hidden_dragon>ğŸ…</a>
97,Coolidge,"<img src=""https://resizing.flixster.com/bnNMdP7xySdElPQekzgcddTlyI4=/fit-in/80x126/v2/https://resizing.flixster.com/GAQApQsVRCn63psq9QzGlw1ORNQ=/ems.cHJkLWVtcy1hc3NldHMvbW92aWVzLzVkYTMwZWFmLTQ3NDAtNDVjNi05NTcxLTFmMGI2NzBjNTYwNi5qcGc="">", ,A Good Person,2023,03-25,4:30 PM,<a href=https://store.coolidge.org/websales/pages/ticketsearchcriteria.aspx?evtinfo=786414~2227d6a5-68f5-41c2-b22e-813c872c64f4&amp;>ğŸŸï¸</a>,53.0,<a href=https://www.rottentomatoes.com/m/a_good_person>ğŸ…</a>
141,Coolidge,"<img src=""https://resizing.flixster.com/Tq-Wi8G4apJ7jcCL0WTyZ1kVPto=/fit-in/80x126/v2/https://flxt.tmsimg.com/assets/p71683_p_v8_aa.jpg"">",?,James Baldwin Abroad: A Program of 3 Films,1971,03-25,4:45 PM,<a href=https://store.coolidge.org/websales/pages/ticketsearchcriteria.aspx?evtinfo=786420~2227d6a5-68f5-41c2-b22e-813c872c64f4&amp;>ğŸŸï¸</a>,97.0,<a href=https://www.rottentomatoes.com/m/touch_of_zen>ğŸ…</a>
162,Brattle,"<img src=""https://resizing.flixster.com/7t_NX2J7nqRfZI3YXDQ9HeQPBTU=/fit-in/80x126/v2/https://resizing.flixster.com/F3LEA0Xt9EJJNcShFxOrAHZHvyU=/ems.cHJkLWVtcy1hc3NldHMvbW92aWVzLzJkNjM0YjFhLWM4NmYtNDc5Yi05ODUyLTkwNTBmMzRlNGNiNC5qcGc="">",?,BUFF Shorts: Butter My Noodle,2023,03-25,4:45 PM,<a href=https://brattlefilm.org/movies/buff-shorts-butter-my-noodle/>ğŸŸï¸</a>,83.0,<a href=https://www.rottentomatoes.com/m/my_animal>ğŸ…</a>
28,Coolidge,"<img src=""https://resizing.flixster.com/C-286AL0AJdmothpyivHFePoKdM=/fit-in/80x126/v2/https://resizing.flixster.com/jZNL2qncn2kr9JQMA1-L76K98cw=/ems.cHJkLWVtcy1hc3NldHMvbW92aWVzL2Y2ODA0MGRhLWZhNWItNDIwYy05MzY3LTczZjVmMDcyMzM0Ni5qcGc="">", ,Return to Seoul,2022,03-25,6:30 PM,<a href=https://store.coolidge.org/websales/pages/ticketsearchcriteria.aspx?evtinfo=786435~2227d6a5-68f5-41c2-b22e-813c872c64f4&amp;>ğŸŸï¸</a>,97.0,<a href=https://www.rottentomatoes.com/m/return_to_seoul>ğŸ…</a>
142,Coolidge,"<img src=""https://resizing.flixster.com/Tq-Wi8G4apJ7jcCL0WTyZ1kVPto=/fit-in/80x126/v2/https://flxt.tmsimg.com/assets/p71683_p_v8_aa.jpg"">",?,James Baldwin Abroad: A Program of 3 Films,1971,03-25,6:45 PM,<a href=https://store.coolidge.org/websales/pages/ticketsearchcriteria.aspx?evtinfo=786421~2227d6a5-68f5-41c2-b22e-813c872c64f4&amp;>ğŸŸï¸</a>,97.0,<a href=https://www.rottentomatoes.com/m/touch_of_zen>ğŸ…</a>
99,Coolidge,"<img src=""https://resizing.flixster.com/bnNMdP7xySdElPQekzgcddTlyI4=/fit-in/80x126/v2/https://resizing.flixster.com/GAQApQsVRCn63psq9QzGlw1ORNQ=/ems.cHJkLWVtcy1hc3NldHMvbW92aWVzLzVkYTMwZWFmLTQ3NDAtNDVjNi05NTcxLTFmMGI2NzBjNTYwNi5qcGc="">", ,A Good Person,2023,03-25,7:00 PM,<a href=https://store.coolidge.org/websales/pages/ticketsearchcriteria.aspx?evtinfo=786410~2227d6a5-68f5-41c2-b22e-813c872c64f4&amp;>ğŸŸï¸</a>,53.0,<a href=https://www.rottentomatoes.com/m/a_good_person>ğŸ…</a>
6,Coolidge,"<img src=""https://resizing.flixster.com/Sj0_U4TbRdW4UeiCju-H-fkK-TE=/fit-in/80x126/v2/https://flxt.tmsimg.com/assets/p25570_p_v8_av.jpg"">",?,"Crouching Tiger, Hidden Dragon (4K Restoration)",2000,03-25,7:15 PM,<a href=https://store.coolidge.org/websales/pages/ticketsearchcriteria.aspx?evtinfo=786408~2227d6a5-68f5-41c2-b22e-813c872c64f4&amp;>ğŸŸï¸</a>,98.0,<a href=https://www.rottentomatoes.com/m/crouching_tiger_hidden_dragon>ğŸ…</a>
163,Brattle,"<img src=""https://resizing.flixster.com/8JKDnYKlZq9QKdwx9exhUzVLF5I=/fit-in/80x126/v2/https://flxt.tmsimg.com/assets/p23145222_p_v8_aa.jpg"">", ,Piaffe,2022,03-25,7:15 PM,<a href=https://brattlefilm.org/movies/piaffe/>ğŸŸï¸</a>,83.0,<a href=https://www.rottentomatoes.com/m/piaffe>ğŸ…</a>
56,Coolidge,"<img src=""https://resizing.flixster.com/nsw3i1reN36SCVnNIYyDoRkERDs=/fit-in/80x126/v2/https://resizing.flixster.com/_6p5XUDwq1MBH_OZtlIdfO60RXM=/ems.cHJkLWVtcy1hc3NldHMvbW92aWVzL2FkODdlMTZmLTMzZjYtNDg2NC1iN2U1LTgyYTkwNGEwZDJmMC5qcGc="">", ,The Quiet Girl,2022,03-25,9:00 PM,<a href=https://store.coolidge.org/websales/pages/ticketsearchcriteria.aspx?evtinfo=786438~2227d6a5-68f5-41c2-b22e-813c872c64f4&amp;>ğŸŸï¸</a>,96.0,<a href=https://www.rottentomatoes.com/m/the_quiet_girl>ğŸ…</a>
7,Coolidge,"<img src=""https://resizing.flixster.com/Sj0_U4TbRdW4UeiCju-H-fkK-TE=/fit-in/80x126/v2/https://flxt.tmsimg.com/assets/p25570_p_v8_av.jpg"">",?,"Crouching Tiger, Hidden Dragon (4K Restoration)",2000,03-25,9:15 PM,<a href=https://store.coolidge.org/websales/pages/ticketsearchcriteria.aspx?evtinfo=786418~2227d6a5-68f5-41c2-b22e-813c872c64f4&amp;>ğŸŸï¸</a>,98.0,<a href=https://www.rottentomatoes.com/m/crouching_tiger_hidden_dragon>ğŸ…</a>
164,Brattle,"<img src=""https://resizing.flixster.com/-8XCfGVNmkuqND-EXwAV3aZshpw=/fit-in/80x126/v2/https://resizing.flixster.com/_UEL0__Ca40h9LVk8etfOXgc7MQ=/ems.cHJkLWVtcy1hc3NldHMvbW92aWVzLzQ0ZjVhNzAwLTYyMjYtNDIzNi05NWI1LTFkYTcyNzNiMWNlZC5qcGc="">", ,Sick of Myself,2022,03-25,9:15 PM,<a href=https://brattlefilm.org/movies/sick-of-myself/>ğŸŸï¸</a>,94.0,<a href=https://www.rottentomatoes.com/m/sick_of_myself>ğŸ…</a>
101,Coolidge,"<img src=""https://resizing.flixster.com/bnNMdP7xySdElPQekzgcddTlyI4=/fit-in/80x126/v2/https://resizing.flixster.com/GAQApQsVRCn63psq9QzGlw1ORNQ=/ems.cHJkLWVtcy1hc3NldHMvbW92aWVzLzVkYTMwZWFmLTQ3NDAtNDVjNi05NTcxLTFmMGI2NzBjNTYwNi5qcGc="">", ,A Good Person,2023,03-25,9:45 PM,<a href=https://store.coolidge.org/websales/pages/ticketsearchcriteria.aspx?evtinfo=786412~2227d6a5-68f5-41c2-b22e-813c872c64f4&amp;>ğŸŸï¸</a>,53.0,<a href=https://www.rottentomatoes.com/m/a_good_person>ğŸ…</a>
29,Coolidge,"<img src=""https://resizing.flixster.com/C-286AL0AJdmothpyivHFePoKdM=/fit-in/80x126/v2/https://resizing.flixster.com/jZNL2qncn2kr9JQMA1-L76K98cw=/ems.cHJkLWVtcy1hc3NldHMvbW92aWVzL2Y2ODA0MGRhLWZhNWItNDIwYy05MzY3LTczZjVmMDcyMzM0Ni5qcGc="">", ,Return to Seoul,2022,03-25,9:55 PM,<a href=https://store.coolidge.org/websales/pages/ticketsearchcriteria.aspx?evtinfo=786415~2227d6a5-68f5-41c2-b22e-813c872c64f4&amp;>ğŸŸï¸</a>,97.0,<a href=https://www.rottentomatoes.com/m/return_to_seoul>ğŸ…</a>
165,Coolidge,"<img src=""https://resizing.flixster.com/k7Br3Jc8-2LMGEPvNKvQLradHjw=/fit-in/80x126/v2/https://flxt.tmsimg.com/assets/p546_p_v8_aa.jpg"">",?,2022 NYICFF Kid Flicks One,1973,03-26,10:30 AM,<a href=https://store.coolidge.org/websales/pages/ticketsearchcriteria.aspx?evtinfo=771567~2227d6a5-68f5-41c2-b22e-813c872c64f4&amp;>ğŸŸï¸</a>,69.0,<a href=https://www.rottentomatoes.com/m/soylent_green>ğŸ…</a>
103,Coolidge,"<img src=""https://resizing.flixster.com/bnNMdP7xySdElPQekzgcddTlyI4=/fit-in/80x126/v2/https://resizing.flixster.com/GAQApQsVRCn63psq9QzGlw1ORNQ=/ems.cHJkLWVtcy1hc3NldHMvbW92aWVzLzVkYTMwZWFmLTQ3NDAtNDVjNi05NTcxLTFmMGI2NzBjNTYwNi5qcGc="">", ,A Good Person,2023,03-26,11:00 AM,<a href=https://store.coolidge.org/websales/pages/ticketsearchcriteria.aspx?evtinfo=786430~2227d6a5-68f5-41c2-b22e-813c872c64f4&amp;>ğŸŸï¸</a>,53.0,<a href=https://www.rottentomatoes.com/m/a_good_person>ğŸ…</a>
30,Coolidge,"<img src=""https://resizing.flixster.com/C-286AL0AJdmothpyivHFePoKdM=/fit-in/80x126/v2/https://resizing.flixster.com/jZNL2qncn2kr9JQMA1-L76K98cw=/ems.cHJkLWVtcy1hc3NldHMvbW92aWVzL2Y2ODA0MGRhLWZhNWItNDIwYy05MzY3LTczZjVmMDcyMzM0Ni5qcGc="">", ,Return to Seoul,2022,03-26,11:30 AM,<a href=https://store.coolidge.org/websales/pages/ticketsearchcriteria.aspx?evtinfo=786479~2227d6a5-68f5-41c2-b22e-813c872c64f4&amp;>ğŸŸï¸</a>,97.0,<a href=https://www.rottentomatoes.com/m/return_to_seoul>ğŸ…</a>
166,Brattle,"<img src=""https://resizing.flixster.com/32zvH8x7Ns_uzziv-JYbllRriCw=/fit-in/80x126/v2/https://resizing.flixster.com/FMOmi-6s3a-yNNpLZlZeS7UL9uo=/ems.cHJkLWVtcy1hc3NldHMvbW92aWVzLzBlM2IyNmExLTM2NzYtNGNkZi1iNjE1LTQ0MTBlZmEyZGM1ZS5qcGc="">",?,BUFF Shorts: Survival is Insufficient,2022,03-26,11:30 AM,<a href=https://brattlefilm.org/movies/buff-shorts-survival-is-insufficient/>ğŸŸï¸</a>,100.0,<a href=https://www.rottentomatoes.com/m/is_that_black_enough_for_you>ğŸ…</a>
143,Coolidge,"<img src=""https://resizing.flixster.com/Tq-Wi8G4apJ7jcCL0WTyZ1kVPto=/fit-in/80x126/v2/https://flxt.tmsimg.com/assets/p71683_p_v8_aa.jpg"">",?,James Baldwin Abroad: A Program of 3 Films,1971,03-26,11:45 AM,<a href=https://store.coolidge.org/websales/pages/ticketsearchcriteria.aspx?evtinfo=786447~2227d6a5-68f5-41c2-b22e-813c872c64f4&amp;>ğŸŸï¸</a>,97.0,<a href=https://www.rottentomatoes.com/m/touch_of_zen>ğŸ…</a>
105,Coolidge,"<img src=""https://resizing.flixster.com/bnNMdP7xySdElPQekzgcddTlyI4=/fit-in/80x126/v2/https://resizing.flixster.com/GAQApQsVRCn63psq9QzGlw1ORNQ=/ems.cHJkLWVtcy1hc3NldHMvbW92aWVzLzVkYTMwZWFmLTQ3NDAtNDVjNi05NTcxLTFmMGI2NzBjNTYwNi5qcGc="">", ,A Good Person,2023,03-26,1:30 PM,<a href=https://store.coolidge.org/websales/pages/ticketsearchcriteria.aspx?evtinfo=786428~2227d6a5-68f5-41c2-b22e-813c872c64f4&amp;>ğŸŸï¸</a>,53.0,<a href=https://www.rottentomatoes.com/m/a_good_person>ğŸ…</a>
167,Brattle,"<img src=""https://resizing.flixster.com/99KwMN6if1w71PCGD433QvZOTd4=/fit-in/80x126/v2/https://flxt.tmsimg.com/assets/p14259628_p_v8_ab.jpg"">",?,BUFF Shorts: Destination,2017,03-26,1:30 PM,<a href=https://brattlefilm.org/movies/buff-shorts-destination/>ğŸŸï¸</a>,100.0,<a href=https://www.rottentomatoes.com/m/destination_unknown_2016>ğŸ…</a>
31,Coolidge,"<img src=""https://resizing.flixster.com/C-286AL0AJdmothpyivHFePoKdM=/fit-in/80x126/v2/https://resizing.flixster.com/jZNL2qncn2kr9JQMA1-L76K98cw=/ems.cHJkLWVtcy1hc3NldHMvbW92aWVzL2Y2ODA0MGRhLWZhNWItNDIwYy05MzY3LTczZjVmMDcyMzM0Ni5qcGc="">", ,Return to Seoul,2022,03-26,1:45 PM,<a href=https://store.coolidge.org/websales/pages/ticketsearchcriteria.aspx?evtinfo=786480~2227d6a5-68f5-41c2-b22e-813c872c64f4&amp;>ğŸŸï¸</a>,97.0,<a href=https://www.rottentomatoes.com/m/return_to_seoul>ğŸ…</a>
144,Coolidge,"<img src=""https://resizing.flixster.com/Tq-Wi8G4apJ7jcCL0WTyZ1kVPto=/fit-in/80x126/v2/https://flxt.tmsimg.com/assets/p71683_p_v8_aa.jpg"">",?,James Baldwin Abroad: A Program of 3 Films,1971,03-26,2:00 PM,<a href=https://store.coolidge.org/websales/pages/ticketsearchcriteria.aspx?evtinfo=786416~2227d6a5-68f5-41c2-b22e-813c872c64f4&amp;>ğŸŸï¸</a>,97.0,<a href=https://www.rottentomatoes.com/m/touch_of_zen>ğŸ…</a>
58,Coolidge,"<img src=""https://resizing.flixster.com/nsw3i1reN36SCVnNIYyDoRkERDs=/fit-in/80x126/v2/https://resizing.flixster.com/_6p5XUDwq1MBH_OZtlIdfO60RXM=/ems.cHJkLWVtcy1hc3NldHMvbW92aWVzL2FkODdlMTZmLTMzZjYtNDg2NC1iN2U1LTgyYTkwNGEwZDJmMC5qcGc="">", ,The Quiet Girl,2022,03-26,2:15 PM,<a href=https://store.coolidge.org/websales/pages/ticketsearchcriteria.aspx?evtinfo=786486~2227d6a5-68f5-41c2-b22e-813c872c64f4&amp;>ğŸŸï¸</a>,96.0,<a href=https://www.rottentomatoes.com/m/the_quiet_girl>ğŸ…</a>
168,Brattle,"<img src=""https://resizing.flixster.com/SsNjSo195X6lcE-uU73taKtAsQI=/fit-in/80x126/v2/https://resizing.flixster.com/c9j8mV7Y5mLC4o_-ni3bxuUo3Vo=/ems.cHJkLWVtcy1hc3NldHMvbW92aWVzLzJmNTk4Y2RhLTE1YjAtNDlmNi05Y2Y2LTVlMTczZTY4YWNhMy5qcGc="">", ,How to Blow Up a Pipeline,2022,03-26,3:30 PM,<a href=https://brattlefilm.org/movies/how-to-blow-up-a-pipeline/>ğŸŸï¸</a>,100.0,<a href=https://www.rottentomatoes.com/m/how_to_blow_up_a_pipeline>ğŸ…</a>
60,Coolidge,"<img src=""https://resizing.flixster.com/nsw3i1reN36SCVnNIYyDoRkERDs=/fit-in/80x126/v2/https://resizing.flixster.com/_6p5XUDwq1MBH_OZtlIdfO60RXM=/ems.cHJkLWVtcy1hc3NldHMvbW92aWVzL2FkODdlMTZmLTMzZjYtNDg2NC1iN2U1LTgyYTkwNGEwZDJmMC5qcGc="">", ,The Quiet Girl,2022,03-26,4:00 PM,<a href=https://store.coolidge.org/websales/pages/ticketsearchcriteria.aspx?evtinfo=786485~2227d6a5-68f5-41c2-b22e-813c872c64f4&amp;>ğŸŸï¸</a>,96.0,<a href=https://www.rottentomatoes.com/m/the_quiet_girl>ğŸ…</a>
8,Coolidge,"<img src=""https://resizing.flixster.com/Sj0_U4TbRdW4UeiCju-H-fkK-TE=/fit-in/80x126/v2/https://flxt.tmsimg.com/assets/p25570_p_v8_av.jpg"">",?,"Crouching Tiger, Hidden Dragon (4K Restoration)",2000,03-26,4:15 PM,<a href=https://store.coolidge.org/websales/pages/ticketsearchcriteria.aspx?evtinfo=786460~2227d6a5-68f5-41c2-b22e-813c872c64f4&amp;>ğŸŸï¸</a>,98.0,<a href=https://www.rottentomatoes.com/m/crouching_tiger_hidden_dragon>ğŸ…</a>
107,Coolidge,"<img src=""https://resizing.flixster.com/bnNMdP7xySdElPQekzgcddTlyI4=/fit-in/80x126/v2/https://resizing.flixster.com/GAQApQsVRCn63psq9QzGlw1ORNQ=/ems.cHJkLWVtcy1hc3NldHMvbW92aWVzLzVkYTMwZWFmLTQ3NDAtNDVjNi05NTcxLTFmMGI2NzBjNTYwNi5qcGc="">", ,A Good Person,2023,03-26,4:30 PM,<a href=https://store.coolidge.org/websales/pages/ticketsearchcriteria.aspx?evtinfo=786427~2227d6a5-68f5-41c2-b22e-813c872c64f4&amp;>ğŸŸï¸</a>,53.0,<a href=https://www.rottentomatoes.com/m/a_good_person>ğŸ…</a>
145,Coolidge,"<img src=""https://resizing.flixster.com/Tq-Wi8G4apJ7jcCL0WTyZ1kVPto=/fit-in/80x126/v2/https://flxt.tmsimg.com/assets/p71683_p_v8_aa.jpg"">",?,James Baldwin Abroad: A Program of 3 Films,1971,03-26,4:45 PM,<a href=https://store.coolidge.org/websales/pages/ticketsearchcriteria.aspx?evtinfo=786449~2227d6a5-68f5-41c2-b22e-813c872c64f4&amp;>ğŸŸï¸</a>,97.0,<a href=https://www.rottentomatoes.com/m/touch_of_zen>ğŸ…</a>
169,Brattle,"<img src=""https://images.fandango.com/cms/assets/5d84d010-59b1-11ea-b175-791e911be53d--rt-poster-defaultgif.gif"">", ,The Angry Black Girl and Her Monster,2023,03-26,5:45 PM,<a href=https://brattlefilm.org/movies/the-angry-black-girl-and-her-monster/>ğŸŸï¸</a>,100.0,<a href=https://www.rottentomatoes.com/m/the_angry_black_girl_and_her_monster>ğŸ…</a>
32,Coolidge,"<img src=""https://resizing.flixster.com/C-286AL0AJdmothpyivHFePoKdM=/fit-in/80x126/v2/https://resizing.flixster.com/jZNL2qncn2kr9JQMA1-L76K98cw=/ems.cHJkLWVtcy1hc3NldHMvbW92aWVzL2Y2ODA0MGRhLWZhNWItNDIwYy05MzY3LTczZjVmMDcyMzM0Ni5qcGc="">", ,Return to Seoul,2022,03-26,6:30 PM,<a href=https://store.coolidge.org/websales/pages/ticketsearchcriteria.aspx?evtinfo=786474~2227d6a5-68f5-41c2-b22e-813c872c64f4&amp;>ğŸŸï¸</a>,97.0,<a href=https://www.rottentomatoes.com/m/return_to_seoul>ğŸ…</a>
146,Coolidge,"<img src=""https://resizing.flixster.com/Tq-Wi8G4apJ7jcCL0WTyZ1kVPto=/fit-in/80x126/v2/https://flxt.tmsimg.com/assets/p71683_p_v8_aa.jpg"">",?,James Baldwin Abroad: A Program of 3 Films,1971,03-26,6:45 PM,<a href=https://store.coolidge.org/websales/pages/ticketsearchcriteria.aspx?evtinfo=786448~2227d6a5-68f5-41c2-b22e-813c872c64f4&amp;>ğŸŸï¸</a>,97.0,<a href=https://www.rottentomatoes.com/m/touch_of_zen>ğŸ…</a>
109,Coolidge,"<img src=""https://resizing.flixster.com/bnNMdP7xySdElPQekzgcddTlyI4=/fit-in/80x126/v2/https://resizing.flixster.com/GAQApQsVRCn63psq9QzGlw1ORNQ=/ems.cHJkLWVtcy1hc3NldHMvbW92aWVzLzVkYTMwZWFmLTQ3NDAtNDVjNi05NTcxLTFmMGI2NzBjNTYwNi5qcGc="">", ,A Good Person,2023,03-26,7:00 PM,<a href=https://store.coolidge.org/websales/pages/ticketsearchcriteria.aspx?evtinfo=786413~2227d6a5-68f5-41c2-b22e-813c872c64f4&amp;>ğŸŸï¸</a>,53.0,<a href=https://www.rottentomatoes.com/m/a_good_person>ğŸ…</a>
9,Coolidge,"<img src=""https://resizing.flixster.com/Sj0_U4TbRdW4UeiCju-H-fkK-TE=/fit-in/80x126/v2/https://flxt.tmsimg.com/assets/p25570_p_v8_av.jpg"">",?,"Crouching Tiger, Hidden Dragon (4K Restoration)",2000,03-26,7:15 PM,<a href=https://store.coolidge.org/websales/pages/ticketsearchcriteria.aspx?evtinfo=786411~2227d6a5-68f5-41c2-b22e-813c872c64f4&amp;>ğŸŸï¸</a>,98.0,<a href=https://www.rottentomatoes.com/m/crouching_tiger_hidden_dragon>ğŸ…</a>
62,Coolidge,"<img src=""https://resizing.flixster.com/nsw3i1reN36SCVnNIYyDoRkERDs=/fit-in/80x126/v2/https://resizing.flixster.com/_6p5XUDwq1MBH_OZtlIdfO60RXM=/ems.cHJkLWVtcy1hc3NldHMvbW92aWVzL2FkODdlMTZmLTMzZjYtNDg2NC1iN2U1LTgyYTkwNGEwZDJmMC5qcGc="">", ,The Quiet Girl,2022,03-26,9:00 PM,<a href=https://store.coolidge.org/websales/pages/ticketsearchcriteria.aspx?evtinfo=786493~2227d6a5-68f5-41c2-b22e-813c872c64f4&amp;>ğŸŸï¸</a>,96.0,<a href=https://www.rottentomatoes.com/m/the_quiet_girl>ğŸ…</a>
10,Coolidge,"<img src=""https://resizing.flixster.com/Sj0_U4TbRdW4UeiCju-H-fkK-TE=/fit-in/80x126/v2/https://flxt.tmsimg.com/assets/p25570_p_v8_av.jpg"">",?,"Crouching Tiger, Hidden Dragon (4K Restoration)",2000,03-26,9:15 PM,<a href=https://store.coolidge.org/websales/pages/ticketsearchcriteria.aspx?evtinfo=786470~2227d6a5-68f5-41c2-b22e-813c872c64f4&amp;>ğŸŸï¸</a>,98.0,<a href=https://www.rottentomatoes.com/m/crouching_tiger_hidden_dragon>ğŸ…</a>
111,Coolidge,"<img src=""https://resizing.flixster.com/bnNMdP7xySdElPQekzgcddTlyI4=/fit-in/80x126/v2/https://resizing.flixster.com/GAQApQsVRCn63psq9QzGlw1ORNQ=/ems.cHJkLWVtcy1hc3NldHMvbW92aWVzLzVkYTMwZWFmLTQ3NDAtNDVjNi05NTcxLTFmMGI2NzBjNTYwNi5qcGc="">", ,A Good Person,2023,03-26,9:45 PM,<a href=https://store.coolidge.org/websales/pages/ticketsearchcriteria.aspx?evtinfo=786437~2227d6a5-68f5-41c2-b22e-813c872c64f4&amp;>ğŸŸï¸</a>,53.0,<a href=https://www.rottentomatoes.com/m/a_good_person>ğŸ…</a>
33,Coolidge,"<img src=""https://resizing.flixster.com/C-286AL0AJdmothpyivHFePoKdM=/fit-in/80x126/v2/https://resizing.flixster.com/jZNL2qncn2kr9JQMA1-L76K98cw=/ems.cHJkLWVtcy1hc3NldHMvbW92aWVzL2Y2ODA0MGRhLWZhNWItNDIwYy05MzY3LTczZjVmMDcyMzM0Ni5qcGc="">", ,Return to Seoul,2022,03-26,9:55 PM,<a href=https://store.coolidge.org/websales/pages/ticketsearchcriteria.aspx?evtinfo=786481~2227d6a5-68f5-41c2-b22e-813c872c64f4&amp;>ğŸŸï¸</a>,97.0,<a href=https://www.rottentomatoes.com/m/return_to_seoul>ğŸ…</a>
113,Coolidge,"<img src=""https://resizing.flixster.com/bnNMdP7xySdElPQekzgcddTlyI4=/fit-in/80x126/v2/https://resizing.flixster.com/GAQApQsVRCn63psq9QzGlw1ORNQ=/ems.cHJkLWVtcy1hc3NldHMvbW92aWVzLzVkYTMwZWFmLTQ3NDAtNDVjNi05NTcxLTFmMGI2NzBjNTYwNi5qcGc="">", ,A Good Person,2023,03-27,4:00 PM,<a href=https://store.coolidge.org/websales/pages/ticketsearchcriteria.aspx?evtinfo=786445~2227d6a5-68f5-41c2-b22e-813c872c64f4&amp;>ğŸŸï¸</a>,53.0,<a href=https://www.rottentomatoes.com/m/a_good_person>ğŸ…</a>
11,Coolidge,"<img src=""https://resizing.flixster.com/Sj0_U4TbRdW4UeiCju-H-fkK-TE=/fit-in/80x126/v2/https://flxt.tmsimg.com/assets/p25570_p_v8_av.jpg"">",?,"Crouching Tiger, Hidden Dragon (4K Restoration)",2000,03-27,4:15 PM,<a href=https://store.coolidge.org/websales/pages/ticketsearchcriteria.aspx?evtinfo=786462~2227d6a5-68f5-41c2-b22e-813c872c64f4&amp;>ğŸŸï¸</a>,98.0,<a href=https://www.rottentomatoes.com/m/crouching_tiger_hidden_dragon>ğŸ…</a>
64,Coolidge,"<img src=""https://resizing.flixster.com/nsw3i1reN36SCVnNIYyDoRkERDs=/fit-in/80x126/v2/https://resizing.flixster.com/_6p5XUDwq1MBH_OZtlIdfO60RXM=/ems.cHJkLWVtcy1hc3NldHMvbW92aWVzL2FkODdlMTZmLTMzZjYtNDg2NC1iN2U1LTgyYTkwNGEwZDJmMC5qcGc="">", ,The Quiet Girl,2022,03-27,4:30 PM,<a href=https://store.coolidge.org/websales/pages/ticketsearchcriteria.aspx?evtinfo=786490~2227d6a5-68f5-41c2-b22e-813c872c64f4&amp;>ğŸŸï¸</a>,96.0,<a href=https://www.rottentomatoes.com/m/the_quiet_girl>ğŸ…</a>
170,Brattle,"<img src=""https://resizing.flixster.com/AXqBLW1xmqQ0ZmZJM1PYIVGn3Fc=/fit-in/80x126/v2/https://flxt.tmsimg.com/assets/p2875_p_v8_ac.jpg"">",?,Whatâ€™s New Pussycat?,1965,03-27,"4:30 PM
",<a href=https://brattlefilm.org/movies/whats-new-pussycat/>ğŸŸï¸</a>,28.0,<a href=https://www.rottentomatoes.com/m/whats_new_pussycat>ğŸ…</a>
147,Coolidge,"<img src=""https://resizing.flixster.com/Tq-Wi8G4apJ7jcCL0WTyZ1kVPto=/fit-in/80x126/v2/https://flxt.tmsimg.com/assets/p71683_p_v8_aa.jpg"">",?,James Baldwin Abroad: A Program of 3 Films,1971,03-27,4:45 PM,<a href=https://store.coolidge.org/websales/pages/ticketsearchcriteria.aspx?evtinfo=786451~2227d6a5-68f5-41c2-b22e-813c872c64f4&amp;>ğŸŸï¸</a>,97.0,<a href=https://www.rottentomatoes.com/m/touch_of_zen>ğŸ…</a>
34,Coolidge,"<img src=""https://resizing.flixster.com/C-286AL0AJdmothpyivHFePoKdM=/fit-in/80x126/v2/https://resizing.flixster.com/jZNL2qncn2kr9JQMA1-L76K98cw=/ems.cHJkLWVtcy1hc3NldHMvbW92aWVzL2Y2ODA0MGRhLWZhNWItNDIwYy05MzY3LTczZjVmMDcyMzM0Ni5qcGc="">", ,Return to Seoul,2022,03-27,6:30 PM,<a href=https://store.coolidge.org/websales/pages/ticketsearchcriteria.aspx?evtinfo=786473~2227d6a5-68f5-41c2-b22e-813c872c64f4&amp;>ğŸŸï¸</a>,97.0,<a href=https://www.rottentomatoes.com/m/return_to_seoul>ğŸ…</a>
148,Coolidge,"<img src=""https://resizing.flixster.com/Tq-Wi8G4apJ7jcCL0WTyZ1kVPto=/fit-in/80x126/v2/https://flxt.tmsimg.com/assets/p71683_p_v8_aa.jpg"">",?,James Baldwin Abroad: A Program of 3 Films,1971,03-27,6:45 PM,<a href=https://store.coolidge.org/websales/pages/ticketsearchcriteria.aspx?evtinfo=786456~2227d6a5-68f5-41c2-b22e-813c872c64f4&amp;>ğŸŸï¸</a>,97.0,<a href=https://www.rottentomatoes.com/m/touch_of_zen>ğŸ…</a>
171,Brattle,"<img src=""https://resizing.flixster.com/AXqBLW1xmqQ0ZmZJM1PYIVGn3Fc=/fit-in/80x126/v2/https://flxt.tmsimg.com/assets/p2875_p_v8_ac.jpg"">",?,Whatâ€™s New Pussycat?,1965,03-27,"7:00 PM
",<a href=https://brattlefilm.org/movies/whats-new-pussycat/>ğŸŸï¸</a>,28.0,<a href=https://www.rottentomatoes.com/m/whats_new_pussycat>ğŸ…</a>
115,Coolidge,"<img src=""https://resizing.flixster.com/bnNMdP7xySdElPQekzgcddTlyI4=/fit-in/80x126/v2/https://resizing.flixster.com/GAQApQsVRCn63psq9QzGlw1ORNQ=/ems.cHJkLWVtcy1hc3NldHMvbW92aWVzLzVkYTMwZWFmLTQ3NDAtNDVjNi05NTcxLTFmMGI2NzBjNTYwNi5qcGc="">", ,A Good Person,2023,03-27,7:15 PM,<a href=https://store.coolidge.org/websales/pages/ticketsearchcriteria.aspx?evtinfo=786417~2227d6a5-68f5-41c2-b22e-813c872c64f4&amp;>ğŸŸï¸</a>,53.0,<a href=https://www.rottentomatoes.com/m/a_good_person>ğŸ…</a>
66,Coolidge,"<img src=""https://resizing.flixster.com/nsw3i1reN36SCVnNIYyDoRkERDs=/fit-in/80x126/v2/https://resizing.flixster.com/_6p5XUDwq1MBH_OZtlIdfO60RXM=/ems.cHJkLWVtcy1hc3NldHMvbW92aWVzL2FkODdlMTZmLTMzZjYtNDg2NC1iN2U1LTgyYTkwNGEwZDJmMC5qcGc="">", ,The Quiet Girl,2022,03-27,9:00 PM,<a href=https://store.coolidge.org/websales/pages/ticketsearchcriteria.aspx?evtinfo=786494~2227d6a5-68f5-41c2-b22e-813c872c64f4&amp;>ğŸŸï¸</a>,96.0,<a href=https://www.rottentomatoes.com/m/the_quiet_girl>ğŸ…</a>
12,Coolidge,"<img src=""https://resizing.flixster.com/Sj0_U4TbRdW4UeiCju-H-fkK-TE=/fit-in/80x126/v2/https://flxt.tmsimg.com/assets/p25570_p_v8_av.jpg"">",?,"Crouching Tiger, Hidden Dragon (4K Restoration)",2000,03-27,9:15 PM,<a href=https://store.coolidge.org/websales/pages/ticketsearchcriteria.aspx?evtinfo=786468~2227d6a5-68f5-41c2-b22e-813c872c64f4&amp;>ğŸŸï¸</a>,98.0,<a href=https://www.rottentomatoes.com/m/crouching_tiger_hidden_dragon>ğŸ…</a>
35,Coolidge,"<img src=""https://resizing.flixster.com/C-286AL0AJdmothpyivHFePoKdM=/fit-in/80x126/v2/https://resizing.flixster.com/jZNL2qncn2kr9JQMA1-L76K98cw=/ems.cHJkLWVtcy1hc3NldHMvbW92aWVzL2Y2ODA0MGRhLWZhNWItNDIwYy05MzY3LTczZjVmMDcyMzM0Ni5qcGc="">", ,Return to Seoul,2022,03-27,9:45 PM,<a href=https://store.coolidge.org/websales/pages/ticketsearchcriteria.aspx?evtinfo=786483~2227d6a5-68f5-41c2-b22e-813c872c64f4&amp;>ğŸŸï¸</a>,97.0,<a href=https://www.rottentomatoes.com/m/return_to_seoul>ğŸ…</a>
117,Coolidge,"<img src=""https://resizing.flixster.com/bnNMdP7xySdElPQekzgcddTlyI4=/fit-in/80x126/v2/https://resizing.flixster.com/GAQApQsVRCn63psq9QzGlw1ORNQ=/ems.cHJkLWVtcy1hc3NldHMvbW92aWVzLzVkYTMwZWFmLTQ3NDAtNDVjNi05NTcxLTFmMGI2NzBjNTYwNi5qcGc="">", ,A Good Person,2023,03-27,9:55 PM,<a href=https://store.coolidge.org/websales/pages/ticketsearchcriteria.aspx?evtinfo=786439~2227d6a5-68f5-41c2-b22e-813c872c64f4&amp;>ğŸŸï¸</a>,53.0,<a href=https://www.rottentomatoes.com/m/a_good_person>ğŸ…</a>
119,Coolidge,"<img src=""https://resizing.flixster.com/bnNMdP7xySdElPQekzgcddTlyI4=/fit-in/80x126/v2/https://resizing.flixster.com/GAQApQsVRCn63psq9QzGlw1ORNQ=/ems.cHJkLWVtcy1hc3NldHMvbW92aWVzLzVkYTMwZWFmLTQ3NDAtNDVjNi05NTcxLTFmMGI2NzBjNTYwNi5qcGc="">", ,A Good Person,2023,03-28,4:00 PM,<a href=https://store.coolidge.org/websales/pages/ticketsearchcriteria.aspx?evtinfo=786443~2227d6a5-68f5-41c2-b22e-813c872c64f4&amp;>ğŸŸï¸</a>,53.0,<a href=https://www.rottentomatoes.com/m/a_good_person>ğŸ…</a>
13,Coolidge,"<img src=""https://resizing.flixster.com/Sj0_U4TbRdW4UeiCju-H-fkK-TE=/fit-in/80x126/v2/https://flxt.tmsimg.com/assets/p25570_p_v8_av.jpg"">",?,"Crouching Tiger, Hidden Dragon (4K Restoration)",2000,03-28,4:15 PM,<a href=https://store.coolidge.org/websales/pages/ticketsearchcriteria.aspx?evtinfo=786461~2227d6a5-68f5-41c2-b22e-813c872c64f4&amp;>ğŸŸï¸</a>,98.0,<a href=https://www.rottentomatoes.com/m/crouching_tiger_hidden_dragon>ğŸ…</a>
68,Coolidge,"<img src=""https://resizing.flixster.com/nsw3i1reN36SCVnNIYyDoRkERDs=/fit-in/80x126/v2/https://resizing.flixster.com/_6p5XUDwq1MBH_OZtlIdfO60RXM=/ems.cHJkLWVtcy1hc3NldHMvbW92aWVzL2FkODdlMTZmLTMzZjYtNDg2NC1iN2U1LTgyYTkwNGEwZDJmMC5qcGc="">", ,The Quiet Girl,2022,03-28,4:30 PM,<a href=https://store.coolidge.org/websales/pages/ticketsearchcriteria.aspx?evtinfo=786489~2227d6a5-68f5-41c2-b22e-813c872c64f4&amp;>ğŸŸï¸</a>,96.0,<a href=https://www.rottentomatoes.com/m/the_quiet_girl>ğŸ…</a>
149,Coolidge,"<img src=""https://resizing.flixster.com/Tq-Wi8G4apJ7jcCL0WTyZ1kVPto=/fit-in/80x126/v2/https://flxt.tmsimg.com/assets/p71683_p_v8_aa.jpg"">",?,James Baldwin Abroad: A Program of 3 Films,1971,03-28,4:45 PM,<a href=https://store.coolidge.org/websales/pages/ticketsearchcriteria.aspx?evtinfo=786455~2227d6a5-68f5-41c2-b22e-813c872c64f4&amp;>ğŸŸï¸</a>,97.0,<a href=https://www.rottentomatoes.com/m/touch_of_zen>ğŸ…</a>
36,Coolidge,"<img src=""https://resizing.flixster.com/C-286AL0AJdmothpyivHFePoKdM=/fit-in/80x126/v2/https://resizing.flixster.com/jZNL2qncn2kr9JQMA1-L76K98cw=/ems.cHJkLWVtcy1hc3NldHMvbW92aWVzL2Y2ODA0MGRhLWZhNWItNDIwYy05MzY3LTczZjVmMDcyMzM0Ni5qcGc="">", ,Return to Seoul,2022,03-28,6:30 PM,<a href=https://store.coolidge.org/websales/pages/ticketsearchcriteria.aspx?evtinfo=786475~2227d6a5-68f5-41c2-b22e-813c872c64f4&amp;>ğŸŸï¸</a>,97.0,<a href=https://www.rottentomatoes.com/m/return_to_seoul>ğŸ…</a>
150,Coolidge,"<img src=""https://resizing.flixster.com/Tq-Wi8G4apJ7jcCL0WTyZ1kVPto=/fit-in/80x126/v2/https://flxt.tmsimg.com/assets/p71683_p_v8_aa.jpg"">",?,James Baldwin Abroad: A Program of 3 Films,1971,03-28,6:45 PM,<a href=https://store.coolidge.org/websales/pages/ticketsearchcriteria.aspx?evtinfo=786457~2227d6a5-68f5-41c2-b22e-813c872c64f4&amp;>ğŸŸï¸</a>,97.0,<a href=https://www.rottentomatoes.com/m/touch_of_zen>ğŸ…</a>
172,Coolidge,"<img src=""https://resizing.flixster.com/KjWss9R0RWLPWP1ycituDMVN0Y0=/fit-in/80x126/v2/https://resizing.flixster.com/ppY7ycKyS9JyWumpB6EPjzh9anc=/ems.cHJkLWVtcy1hc3NldHMvbW92aWVzLzk0NWZmNzliLTJmYmItNGRkYS05NzM4LTBlMjM0OGQwMWNmNS53ZWJw"">",?,Picture a Scientist,2020,03-28,7:00 PM,<a href=https://store.coolidge.org/websales/pages/ticketsearchcriteria.aspx?evtinfo=780884~2227d6a5-68f5-41c2-b22e-813c872c64f4&amp;>ğŸŸï¸</a>,,<a href=https://www.rottentomatoes.com/m/picture_a_scientist>ğŸ…</a>
121,Coolidge,"<img src=""https://resizing.flixster.com/bnNMdP7xySdElPQekzgcddTlyI4=/fit-in/80x126/v2/https://resizing.flixster.com/GAQApQsVRCn63psq9QzGlw1ORNQ=/ems.cHJkLWVtcy1hc3NldHMvbW92aWVzLzVkYTMwZWFmLTQ3NDAtNDVjNi05NTcxLTFmMGI2NzBjNTYwNi5qcGc="">", ,A Good Person,2023,03-28,7:15 PM,<a href=https://store.coolidge.org/websales/pages/ticketsearchcriteria.aspx?evtinfo=786423~2227d6a5-68f5-41c2-b22e-813c872c64f4&amp;>ğŸŸï¸</a>,53.0,<a href=https://www.rottentomatoes.com/m/a_good_person>ğŸ…</a>
70,Coolidge,"<img src=""https://resizing.flixster.com/nsw3i1reN36SCVnNIYyDoRkERDs=/fit-in/80x126/v2/https://resizing.flixster.com/_6p5XUDwq1MBH_OZtlIdfO60RXM=/ems.cHJkLWVtcy1hc3NldHMvbW92aWVzL2FkODdlMTZmLTMzZjYtNDg2NC1iN2U1LTgyYTkwNGEwZDJmMC5qcGc="">", ,The Quiet Girl,2022,03-28,9:00 PM,<a href=https://store.coolidge.org/websales/pages/ticketsearchcriteria.aspx?evtinfo=786496~2227d6a5-68f5-41c2-b22e-813c872c64f4&amp;>ğŸŸï¸</a>,96.0,<a href=https://www.rottentomatoes.com/m/the_quiet_girl>ğŸ…</a>
173,Brattle,"<img src=""https://resizing.flixster.com/VKVnaaXGnVsRKwXyuUg07HyJO4s=/fit-in/80x126/v2/https://resizing.flixster.com/YCmO8jyzF8PEJ5djT_x4TiRAw7Y=/ems.cHJkLWVtcy1hc3NldHMvbW92aWVzLzg0MjcwZGUyLTE4NzctNDgyMi05ZmI0LWM4OWJkZjgxMDMyMi5qcGc="">", ,Air,2023,03-28,9:00 PM,<a href=https://brattlefilm.org/movies/air/>ğŸŸï¸</a>,100.0,<a href=https://www.rottentomatoes.com/m/air_2023>ğŸ…</a>
14,Coolidge,"<img src=""https://resizing.flixster.com/Sj0_U4TbRdW4UeiCju-H-fkK-TE=/fit-in/80x126/v2/https://flxt.tmsimg.com/assets/p25570_p_v8_av.jpg"">",?,"Crouching Tiger, Hidden Dragon (4K Restoration)",2000,03-28,9:15 PM,<a href=https://store.coolidge.org/websales/pages/ticketsearchcriteria.aspx?evtinfo=786466~2227d6a5-68f5-41c2-b22e-813c872c64f4&amp;>ğŸŸï¸</a>,98.0,<a href=https://www.rottentomatoes.com/m/crouching_tiger_hidden_dragon>ğŸ…</a>
37,Coolidge,"<img src=""https://resizing.flixster.com/C-286AL0AJdmothpyivHFePoKdM=/fit-in/80x126/v2/https://resizing.flixster.com/jZNL2qncn2kr9JQMA1-L76K98cw=/ems.cHJkLWVtcy1hc3NldHMvbW92aWVzL2Y2ODA0MGRhLWZhNWItNDIwYy05MzY3LTczZjVmMDcyMzM0Ni5qcGc="">", ,Return to Seoul,2022,03-28,9:45 PM,<a href=https://store.coolidge.org/websales/pages/ticketsearchcriteria.aspx?evtinfo=786484~2227d6a5-68f5-41c2-b22e-813c872c64f4&amp;>ğŸŸï¸</a>,97.0,<a href=https://www.rottentomatoes.com/m/return_to_seoul>ğŸ…</a>
123,Coolidge,"<img src=""https://resizing.flixster.com/bnNMdP7xySdElPQekzgcddTlyI4=/fit-in/80x126/v2/https://resizing.flixster.com/GAQApQsVRCn63psq9QzGlw1ORNQ=/ems.cHJkLWVtcy1hc3NldHMvbW92aWVzLzVkYTMwZWFmLTQ3NDAtNDVjNi05NTcxLTFmMGI2NzBjNTYwNi5qcGc="">", ,A Good Person,2023,03-28,9:55 PM,<a href=https://store.coolidge.org/websales/pages/ticketsearchcriteria.aspx?evtinfo=786440~2227d6a5-68f5-41c2-b22e-813c872c64f4&amp;>ğŸŸï¸</a>,53.0,<a href=https://www.rottentomatoes.com/m/a_good_person>ğŸ…</a>
125,Coolidge,"<img src=""https://resizing.flixster.com/bnNMdP7xySdElPQekzgcddTlyI4=/fit-in/80x126/v2/https://resizing.flixster.com/GAQApQsVRCn63psq9QzGlw1ORNQ=/ems.cHJkLWVtcy1hc3NldHMvbW92aWVzLzVkYTMwZWFmLTQ3NDAtNDVjNi05NTcxLTFmMGI2NzBjNTYwNi5qcGc="">", ,A Good Person,2023,03-29,4:00 PM,<a href=https://store.coolidge.org/websales/pages/ticketsearchcriteria.aspx?evtinfo=786444~2227d6a5-68f5-41c2-b22e-813c872c64f4&amp;>ğŸŸï¸</a>,53.0,<a href=https://www.rottentomatoes.com/m/a_good_person>ğŸ…</a>
174,Brattle,"<img src=""https://resizing.flixster.com/jKXKPEMakZwuBYwvwWOOmnbhZMc=/fit-in/80x126/v2/https://flxt.tmsimg.com/assets/p3082_p_v8_aa.jpg"">", ,After the Fox,1966,03-29,"4:00 PM
",<a href=https://brattlefilm.org/movies/after-the-fox/>ğŸŸï¸</a>,78.0,<a href=https://www.rottentomatoes.com/m/after_the_fox>ğŸ…</a>
15,Coolidge,"<img src=""https://resizing.flixster.com/Sj0_U4TbRdW4UeiCju-H-fkK-TE=/fit-in/80x126/v2/https://flxt.tmsimg.com/assets/p25570_p_v8_av.jpg"">",?,"Crouching Tiger, Hidden Dragon (4K Restoration)",2000,03-29,4:15 PM,<a href=https://store.coolidge.org/websales/pages/ticketsearchcriteria.aspx?evtinfo=786463~2227d6a5-68f5-41c2-b22e-813c872c64f4&amp;>ğŸŸï¸</a>,98.0,<a href=https://www.rottentomatoes.com/m/crouching_tiger_hidden_dragon>ğŸ…</a>
72,Coolidge,"<img src=""https://resizing.flixster.com/nsw3i1reN36SCVnNIYyDoRkERDs=/fit-in/80x126/v2/https://resizing.flixster.com/_6p5XUDwq1MBH_OZtlIdfO60RXM=/ems.cHJkLWVtcy1hc3NldHMvbW92aWVzL2FkODdlMTZmLTMzZjYtNDg2NC1iN2U1LTgyYTkwNGEwZDJmMC5qcGc="">", ,The Quiet Girl,2022,03-29,4:30 PM,<a href=https://store.coolidge.org/websales/pages/ticketsearchcriteria.aspx?evtinfo=786491~2227d6a5-68f5-41c2-b22e-813c872c64f4&amp;>ğŸŸï¸</a>,96.0,<a href=https://www.rottentomatoes.com/m/the_quiet_girl>ğŸ…</a>
151,Coolidge,"<img src=""https://resizing.flixster.com/Tq-Wi8G4apJ7jcCL0WTyZ1kVPto=/fit-in/80x126/v2/https://flxt.tmsimg.com/assets/p71683_p_v8_aa.jpg"">",?,James Baldwin Abroad: A Program of 3 Films,1971,03-29,4:45 PM,<a href=https://store.coolidge.org/websales/pages/ticketsearchcriteria.aspx?evtinfo=786453~2227d6a5-68f5-41c2-b22e-813c872c64f4&amp;>ğŸŸï¸</a>,97.0,<a href=https://www.rottentomatoes.com/m/touch_of_zen>ğŸ…</a>
175,Brattle,"<img src=""https://resizing.flixster.com/jKXKPEMakZwuBYwvwWOOmnbhZMc=/fit-in/80x126/v2/https://flxt.tmsimg.com/assets/p3082_p_v8_aa.jpg"">", ,After the Fox,1966,03-29,"6:15 PM
",<a href=https://brattlefilm.org/movies/after-the-fox/>ğŸŸï¸</a>,78.0,<a href=https://www.rottentomatoes.com/m/after_the_fox>ğŸ…</a>
38,Coolidge,"<img src=""https://resizing.flixster.com/C-286AL0AJdmothpyivHFePoKdM=/fit-in/80x126/v2/https://resizing.flixster.com/jZNL2qncn2kr9JQMA1-L76K98cw=/ems.cHJkLWVtcy1hc3NldHMvbW92aWVzL2Y2ODA0MGRhLWZhNWItNDIwYy05MzY3LTczZjVmMDcyMzM0Ni5qcGc="">", ,Return to Seoul,2022,03-29,6:30 PM,<a href=https://store.coolidge.org/websales/pages/ticketsearchcriteria.aspx?evtinfo=786476~2227d6a5-68f5-41c2-b22e-813c872c64f4&amp;>ğŸŸï¸</a>,97.0,<a href=https://www.rottentomatoes.com/m/return_to_seoul>ğŸ…</a>
16,Coolidge,"<img src=""https://resizing.flixster.com/Sj0_U4TbRdW4UeiCju-H-fkK-TE=/fit-in/80x126/v2/https://flxt.tmsimg.com/assets/p25570_p_v8_av.jpg"">",?,"Crouching Tiger, Hidden Dragon (4K Restoration)",2000,03-29,6:45 PM,<a href=https://store.coolidge.org/websales/pages/ticketsearchcriteria.aspx?evtinfo=786472~2227d6a5-68f5-41c2-b22e-813c872c64f4&amp;>ğŸŸï¸</a>,98.0,<a href=https://www.rottentomatoes.com/m/crouching_tiger_hidden_dragon>ğŸ…</a>
176,Coolidge,"<img src=""https://resizing.flixster.com/eNP88PbAF0W4e-LL4ATRgHRrbDc=/fit-in/80x126/v2/https://resizing.flixster.com/Jfy168JsOH2GmsgX4GCNc7NbDl8=/ems.cHJkLWVtcy1hc3NldHMvbW92aWVzLzI5YjUxNGE2LTkwMWUtNDE0My04YmQwLWVjYmI3YzEzZmM3NC5qcGc="">",?,Panorama: James Baldwin Abroad,2022,03-29,7:00 PM,<a href=https://store.coolidge.org/websales/pages/ticketsearchcriteria.aspx?evtinfo=782942~2227d6a5-68f5-41c2-b22e-813c872c64f4&amp;>ğŸŸï¸</a>,50.0,<a href=https://www.rottentomatoes.com/m/supercell>ğŸ…</a>
127,Coolidge,"<img src=""https://resizing.flixster.com/bnNMdP7xySdElPQekzgcddTlyI4=/fit-in/80x126/v2/https://resizing.flixster.com/GAQApQsVRCn63psq9QzGlw1ORNQ=/ems.cHJkLWVtcy1hc3NldHMvbW92aWVzLzVkYTMwZWFmLTQ3NDAtNDVjNi05NTcxLTFmMGI2NzBjNTYwNi5qcGc="">", ,A Good Person,2023,03-29,7:15 PM,<a href=https://store.coolidge.org/websales/pages/ticketsearchcriteria.aspx?evtinfo=786424~2227d6a5-68f5-41c2-b22e-813c872c64f4&amp;>ğŸŸï¸</a>,53.0,<a href=https://www.rottentomatoes.com/m/a_good_person>ğŸ…</a>
177,Brattle,"<img src=""https://resizing.flixster.com/egPMEYXUybVxHgm8GvT02vx9l1g=/fit-in/80x126/v2/https://flxt.tmsimg.com/assets/p159167_p_v8_ac.jpg"">", ,Casino Royale,2006,03-29,"8:30 PM
",<a href=https://brattlefilm.org/movies/casino-royale/>ğŸŸï¸</a>,94.0,<a href=https://www.rottentomatoes.com/m/casino_royale>ğŸ…</a>
74,Coolidge,"<img src=""https://resizing.flixster.com/nsw3i1reN36SCVnNIYyDoRkERDs=/fit-in/80x126/v2/https://resizing.flixster.com/_6p5XUDwq1MBH_OZtlIdfO60RXM=/ems.cHJkLWVtcy1hc3NldHMvbW92aWVzL2FkODdlMTZmLTMzZjYtNDg2NC1iN2U1LTgyYTkwNGEwZDJmMC5qcGc="">", ,The Quiet Girl,2022,03-29,9:00 PM,<a href=https://store.coolidge.org/websales/pages/ticketsearchcriteria.aspx?evtinfo=786495~2227d6a5-68f5-41c2-b22e-813c872c64f4&amp;>ğŸŸï¸</a>,96.0,<a href=https://www.rottentomatoes.com/m/the_quiet_girl>ğŸ…</a>
17,Coolidge,"<img src=""https://resizing.flixster.com/Sj0_U4TbRdW4UeiCju-H-fkK-TE=/fit-in/80x126/v2/https://flxt.tmsimg.com/assets/p25570_p_v8_av.jpg"">",?,"Crouching Tiger, Hidden Dragon (4K Restoration)",2000,03-29,9:30 PM,<a href=https://store.coolidge.org/websales/pages/ticketsearchcriteria.aspx?evtinfo=786467~2227d6a5-68f5-41c2-b22e-813c872c64f4&amp;>ğŸŸï¸</a>,98.0,<a href=https://www.rottentomatoes.com/m/crouching_tiger_hidden_dragon>ğŸ…</a>
39,Coolidge,"<img src=""https://resizing.flixster.com/C-286AL0AJdmothpyivHFePoKdM=/fit-in/80x126/v2/https://resizing.flixster.com/jZNL2qncn2kr9JQMA1-L76K98cw=/ems.cHJkLWVtcy1hc3NldHMvbW92aWVzL2Y2ODA0MGRhLWZhNWItNDIwYy05MzY3LTczZjVmMDcyMzM0Ni5qcGc="">", ,Return to Seoul,2022,03-29,9:45 PM,<a href=https://store.coolidge.org/websales/pages/ticketsearchcriteria.aspx?evtinfo=786487~2227d6a5-68f5-41c2-b22e-813c872c64f4&amp;>ğŸŸï¸</a>,97.0,<a href=https://www.rottentomatoes.com/m/return_to_seoul>ğŸ…</a>
129,Coolidge,"<img src=""https://resizing.flixster.com/bnNMdP7xySdElPQekzgcddTlyI4=/fit-in/80x126/v2/https://resizing.flixster.com/GAQApQsVRCn63psq9QzGlw1ORNQ=/ems.cHJkLWVtcy1hc3NldHMvbW92aWVzLzVkYTMwZWFmLTQ3NDAtNDVjNi05NTcxLTFmMGI2NzBjNTYwNi5qcGc="">", ,A Good Person,2023,03-29,9:55 PM,<a href=https://store.coolidge.org/websales/pages/ticketsearchcriteria.aspx?evtinfo=786441~2227d6a5-68f5-41c2-b22e-813c872c64f4&amp;>ğŸŸï¸</a>,53.0,<a href=https://www.rottentomatoes.com/m/a_good_person>ğŸ…</a>
131,Coolidge,"<img src=""https://resizing.flixster.com/bnNMdP7xySdElPQekzgcddTlyI4=/fit-in/80x126/v2/https://resizing.flixster.com/GAQApQsVRCn63psq9QzGlw1ORNQ=/ems.cHJkLWVtcy1hc3NldHMvbW92aWVzLzVkYTMwZWFmLTQ3NDAtNDVjNi05NTcxLTFmMGI2NzBjNTYwNi5qcGc="">", ,A Good Person,2023,03-30,4:00 PM,<a href=https://store.coolidge.org/websales/pages/ticketsearchcriteria.aspx?evtinfo=786446~2227d6a5-68f5-41c2-b22e-813c872c64f4&amp;>ğŸŸï¸</a>,53.0,<a href=https://www.rottentomatoes.com/m/a_good_person>ğŸ…</a>
178,Brattle,"<img src=""https://resizing.flixster.com/phpvUu4p0ERBh0b41_WYsKm68N0=/fit-in/80x126/v2/https://flxt.tmsimg.com/NowShowing/48975/48975_aa.jpg"">", ,Butch Cassidy and the Sundance Kid,1969,03-30,4:00 PM,<a href=https://brattlefilm.org/movies/butch-cassidy-and-the-sundance-kid/>ğŸŸï¸</a>,89.0,<a href=https://www.rottentomatoes.com/m/1003318-butch_cassidy_and_the_sundance_kid>ğŸ…</a>
18,Coolidge,"<img src=""https://resizing.flixster.com/Sj0_U4TbRdW4UeiCju-H-fkK-TE=/fit-in/80x126/v2/https://flxt.tmsimg.com/assets/p25570_p_v8_av.jpg"">",?,"Crouching Tiger, Hidden Dragon (4K Restoration)",2000,03-30,4:15 PM,<a href=https://store.coolidge.org/websales/pages/ticketsearchcriteria.aspx?evtinfo=786464~2227d6a5-68f5-41c2-b22e-813c872c64f4&amp;>ğŸŸï¸</a>,98.0,<a href=https://www.rottentomatoes.com/m/crouching_tiger_hidden_dragon>ğŸ…</a>
76,Coolidge,"<img src=""https://resizing.flixster.com/nsw3i1reN36SCVnNIYyDoRkERDs=/fit-in/80x126/v2/https://resizing.flixster.com/_6p5XUDwq1MBH_OZtlIdfO60RXM=/ems.cHJkLWVtcy1hc3NldHMvbW92aWVzL2FkODdlMTZmLTMzZjYtNDg2NC1iN2U1LTgyYTkwNGEwZDJmMC5qcGc="">", ,The Quiet Girl,2022,03-30,4:30 PM,<a href=https://store.coolidge.org/websales/pages/ticketsearchcriteria.aspx?evtinfo=786492~2227d6a5-68f5-41c2-b22e-813c872c64f4&amp;>ğŸŸï¸</a>,96.0,<a href=https://www.rottentomatoes.com/m/the_quiet_girl>ğŸ…</a>
152,Coolidge,"<img src=""https://resizing.flixster.com/Tq-Wi8G4apJ7jcCL0WTyZ1kVPto=/fit-in/80x126/v2/https://flxt.tmsimg.com/assets/p71683_p_v8_aa.jpg"">",?,James Baldwin Abroad: A Program of 3 Films,1971,03-30,4:45 PM,<a href=https://store.coolidge.org/websales/pages/ticketsearchcriteria.aspx?evtinfo=786452~2227d6a5-68f5-41c2-b22e-813c872c64f4&amp;>ğŸŸï¸</a>,97.0,<a href=https://www.rottentomatoes.com/m/touch_of_zen>ğŸ…</a>
40,Coolidge,"<img src=""https://resizing.flixster.com/C-286AL0AJdmothpyivHFePoKdM=/fit-in/80x126/v2/https://resizing.flixster.com/jZNL2qncn2kr9JQMA1-L76K98cw=/ems.cHJkLWVtcy1hc3NldHMvbW92aWVzL2Y2ODA0MGRhLWZhNWItNDIwYy05MzY3LTczZjVmMDcyMzM0Ni5qcGc="">", ,Return to Seoul,2022,03-30,6:30 PM,<a href=https://store.coolidge.org/websales/pages/ticketsearchcriteria.aspx?evtinfo=786477~2227d6a5-68f5-41c2-b22e-813c872c64f4&amp;>ğŸŸï¸</a>,97.0,<a href=https://www.rottentomatoes.com/m/return_to_seoul>ğŸ…</a>
179,Brattle,"<img src=""https://resizing.flixster.com/phpvUu4p0ERBh0b41_WYsKm68N0=/fit-in/80x126/v2/https://flxt.tmsimg.com/NowShowing/48975/48975_aa.jpg"">", ,Butch Cassidy and the Sundance Kid,1969,03-30,6:30 PM,<a href=https://brattlefilm.org/movies/butch-cassidy-and-the-sundance-kid/>ğŸŸï¸</a>,89.0,<a href=https://www.rottentomatoes.com/m/1003318-butch_cassidy_and_the_sundance_kid>ğŸ…</a>
153,Coolidge,"<img src=""https://resizing.flixster.com/Tq-Wi8G4apJ7jcCL0WTyZ1kVPto=/fit-in/80x126/v2/https://flxt.tmsimg.com/assets/p71683_p_v8_aa.jpg"">",?,James Baldwin Abroad: A Program of 3 Films,1971,03-30,6:45 PM,<a href=https://store.coolidge.org/websales/pages/ticketsearchcriteria.aspx?evtinfo=786454~2227d6a5-68f5-41c2-b22e-813c872c64f4&amp;>ğŸŸï¸</a>,97.0,<a href=https://www.rottentomatoes.com/m/touch_of_zen>ğŸ…</a>
181,Coolidge,"<img src=""https://resizing.flixster.com/xD-YNgxBgrkCsBW_xz_ZtyIKcMM=/fit-in/80x126/v2/https://flxt.tmsimg.com/assets/p8560_p_v8_aa.jpg"">", ,"Paris, Texas",1984,03-30,7:00 PM,<a href=https://store.coolidge.org/websales/pages/ticketsearchcriteria.aspx?evtinfo=770595~2227d6a5-68f5-41c2-b22e-813c872c64f4&amp;>ğŸŸï¸</a>,94.0,<a href=https://www.rottentomatoes.com/m/paris_texas>ğŸ…</a>
133,Coolidge,"<img src=""https://resizing.flixster.com/bnNMdP7xySdElPQekzgcddTlyI4=/fit-in/80x126/v2/https://resizing.flixster.com/GAQApQsVRCn63psq9QzGlw1ORNQ=/ems.cHJkLWVtcy1hc3NldHMvbW92aWVzLzVkYTMwZWFmLTQ3NDAtNDVjNi05NTcxLTFmMGI2NzBjNTYwNi5qcGc="">", ,A Good Person,2023,03-30,7:15 PM,<a href=https://store.coolidge.org/websales/pages/ticketsearchcriteria.aspx?evtinfo=786425~2227d6a5-68f5-41c2-b22e-813c872c64f4&amp;>ğŸŸï¸</a>,53.0,<a href=https://www.rottentomatoes.com/m/a_good_person>ğŸ…</a>
41,Coolidge,"<img src=""https://resizing.flixster.com/C-286AL0AJdmothpyivHFePoKdM=/fit-in/80x126/v2/https://resizing.flixster.com/jZNL2qncn2kr9JQMA1-L76K98cw=/ems.cHJkLWVtcy1hc3NldHMvbW92aWVzL2Y2ODA0MGRhLWZhNWItNDIwYy05MzY3LTczZjVmMDcyMzM0Ni5qcGc="">", ,Return to Seoul,2022,03-30,9:00 PM,<a href=https://store.coolidge.org/websales/pages/ticketsearchcriteria.aspx?evtinfo=786497~2227d6a5-68f5-41c2-b22e-813c872c64f4&amp;>ğŸŸï¸</a>,97.0,<a href=https://www.rottentomatoes.com/m/return_to_seoul>ğŸ…</a>
180,Brattle,"<img src=""https://resizing.flixster.com/phpvUu4p0ERBh0b41_WYsKm68N0=/fit-in/80x126/v2/https://flxt.tmsimg.com/NowShowing/48975/48975_aa.jpg"">", ,Butch Cassidy and the Sundance Kid,1969,03-30,9:00 PM,<a href=https://brattlefilm.org/movies/butch-cassidy-and-the-sundance-kid/>ğŸŸï¸</a>,89.0,<a href=https://www.rottentomatoes.com/m/1003318-butch_cassidy_and_the_sundance_kid>ğŸ…</a>
19,Coolidge,"<img src=""https://resizing.flixster.com/Sj0_U4TbRdW4UeiCju-H-fkK-TE=/fit-in/80x126/v2/https://flxt.tmsimg.com/assets/p25570_p_v8_av.jpg"">",?,"Crouching Tiger, Hidden Dragon (4K Restoration)",2000,03-30,9:15 PM,<a href=https://store.coolidge.org/websales/pages/ticketsearchcriteria.aspx?evtinfo=786469~2227d6a5-68f5-41c2-b22e-813c872c64f4&amp;>ğŸŸï¸</a>,98.0,<a href=https://www.rottentomatoes.com/m/crouching_tiger_hidden_dragon>ğŸ…</a>
135,Coolidge,"<img src=""https://resizing.flixster.com/bnNMdP7xySdElPQekzgcddTlyI4=/fit-in/80x126/v2/https://resizing.flixster.com/GAQApQsVRCn63psq9QzGlw1ORNQ=/ems.cHJkLWVtcy1hc3NldHMvbW92aWVzLzVkYTMwZWFmLTQ3NDAtNDVjNi05NTcxLTFmMGI2NzBjNTYwNi5qcGc="">", ,A Good Person,2023,03-30,9:55 PM,<a href=https://store.coolidge.org/websales/pages/ticketsearchcriteria.aspx?evtinfo=786442~2227d6a5-68f5-41c2-b22e-813c872c64f4&amp;>ğŸŸï¸</a>,53.0,<a href=https://www.rottentomatoes.com/m/a_good_person>ğŸ…</a>
182,Coolidge,"<img src=""https://resizing.flixster.com/JVTPMLrIqYn1q_HsNVE4Dohjong=/fit-in/80x126/v2/https://flxt.tmsimg.com/assets/p22970_p_v12_as.jpg"">", ,Drop Dead Gorgeous,1999,03-31,11:59 PM,<a href=https://store.coolidge.org/websales/pages/ticketsearchcriteria.aspx?evtinfo=780616~2227d6a5-68f5-41c2-b22e-813c872c64f4&amp;>ğŸŸï¸</a>,47.0,<a href=https://www.rottentomatoes.com/m/drop_dead_gorgeous>ğŸ…</a>
183,Brattle,"<img src=""https://resizing.flixster.com/sdoeKWZUEUSIiUhhEJ-PmVd6j1E=/fit-in/80x126/v2/https://flxt.tmsimg.com/assets/p40465_p_v8_aa.jpg"">", ,Venom,1981,03-31,7:00 PM,<a href=https://brattlefilm.org/movies/venom/>ğŸŸï¸</a>,43.0,<a href=https://www.rottentomatoes.com/m/1022537-venom>ğŸ…</a>
184,Brattle,"<img src=""https://resizing.flixster.com/o1Ww4QNIkFPhM53SxdZr0q4IMdU=/fit-in/80x126/v2/https://resizing.flixster.com/9ROAHiR8ML6DU3j7yfWypNy2NxU=/ems.cHJkLWVtcy1hc3NldHMvbW92aWVzLzYwZGZhODY3LTI2YzktNGVkYy05YWJlLTVmMGNmMTY2YWZhNS5qcGc="">", ,Venom: Let There Be Carnage,2021,03-31,9:30 PM,<a href=https://brattlefilm.org/movies/venom-let-there-be-carnage/>ğŸŸï¸</a>,57.0,<a href=https://www.rottentomatoes.com/m/venom_let_there_be_carnage>ğŸ…</a>
185,Coolidge,"<img src=""https://resizing.flixster.com/ZbtlzxqynQXHem-nMtXBM3ufW34=/fit-in/80x126/v2/https://flxt.tmsimg.com/assets/p24090_p_v8_ae.jpg"">",?,But Iâ€™m a Cheerleader,1999,04-01,11:59 PM,<a href=https://store.coolidge.org/websales/pages/ticketsearchcriteria.aspx?evtinfo=780620~2227d6a5-68f5-41c2-b22e-813c872c64f4&amp;>ğŸŸï¸</a>,42.0,<a href=https://www.rottentomatoes.com/m/but_im_a_cheerleader>ğŸ…</a>
186,Coolidge,"<img src=""https://resizing.flixster.com/LfyGg2TTKwUQoyapi1E29ijdzwo=/fit-in/80x126/v2/https://resizing.flixster.com/OQ88I7xYuWJM9H4OUenF7U-tWZk=/ems.cHJkLWVtcy1hc3NldHMvbW92aWVzLzkzMjdmZTZiLTZlZTYtNGRiMS04YTFjLWE5ZDQ0MGY1Mzg1Ny53ZWJw"">", ,The Room,2003,04-01,11:59 PM,<a href=https://store.coolidge.org/websales/pages/ticketsearchcriteria.aspx?evtinfo=784118~2227d6a5-68f5-41c2-b22e-813c872c64f4&amp;>ğŸŸï¸</a>,26.0,<a href=https://www.rottentomatoes.com/m/the_room>ğŸ…</a>
187,Coolidge,"<img src=""https://resizing.flixster.com/w8ncTSQkDsCVDL4WeCDy5PJ2Ucw=/fit-in/80x126/v2/https://resizing.flixster.com/tJtkDJ9QpjtXgZ5pTzF25M7LP10=/ems.cHJkLWVtcy1hc3NldHMvbW92aWVzLzg3ODBmMTU4LWEwZjAtNDdlMS04OTM3LTliM2JkZTk0NmRkZi5wbmc="">",?,The Right to Read,2021,04-02,2:00 PM,<a href=https://store.coolidge.org/websales/pages/ticketsearchcriteria.aspx?evtinfo=782941~2227d6a5-68f5-41c2-b22e-813c872c64f4&amp;>ğŸŸï¸</a>,100.0,<a href=https://www.rottentomatoes.com/m/fanny_the_right_to_rock>ğŸ…</a>
188,Coolidge,"<img src=""https://resizing.flixster.com/xgfXr31jg43blowcUhUv5TTtCIo=/fit-in/80x126/v2/https://flxt.tmsimg.com/assets/p3906_p_v8_ae.jpg"">", ,The Red Shoes,1948,04-03,7:00 PM,<a href=https://store.coolidge.org/websales/pages/ticketsearchcriteria.aspx?evtinfo=770603~2227d6a5-68f5-41c2-b22e-813c872c64f4&amp;>ğŸŸï¸</a>,97.0,<a href=https://www.rottentomatoes.com/m/1017346-red_shoes>ğŸ…</a>
189,Brattle,"<img src=""https://resizing.flixster.com/Nj5sZOc_Nnd9u85QWMCWyaeWQtc=/fit-in/80x126/v2/https://resizing.flixster.com/Rm0qvXntTSMNrTa6NsFDlqmDySw=/ems.cHJkLWVtcy1hc3NldHMvbW92aWVzLzkwOTE2MTdmLTEwYWEtNGRkNy05ZDUxLTJiNjY3MTBhMzc2My5qcGc="">",?,Harvard Book Store presents Clint Smith,2022,04-04,6:00 PM,<a href=https://brattlefilm.org/special_events/harvard-book-store-presents-clint-smith/>ğŸŸï¸</a>,71.0,<a href=https://www.rottentomatoes.com/m/hello_bookstore>ğŸ…</a>
190,Coolidge,"<img src=""https://resizing.flixster.com/c3GMlax7qA7603eMBt61X6cminU=/fit-in/80x126/v2/https://resizing.flixster.com/XHvcBxuKMfWLooKZHqPrCusyz9Q=/ems.cHJkLWVtcy1hc3NldHMvbW92aWVzL2EyZDU1MDQyLWQ0MTMtNGJmOC04Y2QxLTE3ODFhYmJiMGM0Ny53ZWJw"">",?,Your Name.,2016,04-04,7:00 PM,<a href=https://store.coolidge.org/websales/pages/ticketsearchcriteria.aspx?evtinfo=784024~2227d6a5-68f5-41c2-b22e-813c872c64f4&amp;>ğŸŸï¸</a>,98.0,<a href=https://www.rottentomatoes.com/m/your_name_2017>ğŸ…</a>
191,Coolidge,"<img src=""https://resizing.flixster.com/byMbWI84eEHpmGO0reiyp9VOerE=/fit-in/80x126/v2/https://flxt.tmsimg.com/assets/p149767_v_v8_aa.jpg"">", ,Cowboy Bebop: The Movie,2002,04-05,7:00 PM,<a href=https://store.coolidge.org/websales/pages/ticketsearchcriteria.aspx?evtinfo=784023~2227d6a5-68f5-41c2-b22e-813c872c64f4&amp;>ğŸŸï¸</a>,66.0,<a href=https://www.rottentomatoes.com/m/cowboy_bebop_the_movie>ğŸ…</a>
192,Coolidge,"<img src=""https://resizing.flixster.com/wVwhpLAoNSXlbTCtWT6yYKjrjUU=/fit-in/80x126/v2/https://flxt.tmsimg.com/assets/p25039_p_v8_ap.jpg"">", ,High Fidelity,2000,04-06,7:00 PM,<a href=https://store.coolidge.org/websales/pages/ticketsearchcriteria.aspx?evtinfo=781434~2227d6a5-68f5-41c2-b22e-813c872c64f4&amp;>ğŸŸï¸</a>,91.0,<a href=https://www.rottentomatoes.com/m/1095420-high_fidelity>ğŸ…</a>
193,Coolidge,"<img src=""https://resizing.flixster.com/_UtZvnSHnZrxrQ8VX5N0LkvElYg=/fit-in/80x126/v2/https://flxt.tmsimg.com/assets/p7764_p_v8_au.jpg"">", ,The Terminator,1984,04-07,11:59 PM,<a href=https://store.coolidge.org/websales/pages/ticketsearchcriteria.aspx?evtinfo=784121~2227d6a5-68f5-41c2-b22e-813c872c64f4&amp;>ğŸŸï¸</a>,100.0,<a href=https://www.rottentomatoes.com/m/terminator>ğŸ…</a>
194,Coolidge,"<img src=""https://resizing.flixster.com/FR0Ug92jCc_UZmppGihTek2V8Vs=/fit-in/80x126/v2/https://flxt.tmsimg.com/assets/p10222_p_v12_al.jpg"">",?,Tanglewood Marionettes present Sleeping Beauty,1959,04-08,10:30 AM,<a href=https://store.coolidge.org/websales/pages/ticketsearchcriteria.aspx?evtinfo=771568~2227d6a5-68f5-41c2-b22e-813c872c64f4&amp;>ğŸŸï¸</a>,89.0,<a href=https://www.rottentomatoes.com/m/1019187-sleeping_beauty>ğŸ…</a>
195,Coolidge,"<img src=""https://resizing.flixster.com/-qFdOMuBwUv3LsPhd80oMBDUgKk=/fit-in/80x126/v2/https://flxt.tmsimg.com/assets/p10094_p_v8_az.jpg"">", ,Predator,1987,04-08,11:59 PM,<a href=https://store.coolidge.org/websales/pages/ticketsearchcriteria.aspx?evtinfo=784126~2227d6a5-68f5-41c2-b22e-813c872c64f4&amp;>ğŸŸï¸</a>,80.0,<a href=https://www.rottentomatoes.com/m/predator>ğŸ…</a>
196,Brattle,"<img src=""https://resizing.flixster.com/YpN59AqHnAwumzWHODHhnI7NTRw=/fit-in/80x126/v2/https://flxt.tmsimg.com/assets/p1085_p_v8_aa.jpg"">", ,Blow Out,1981,04-10,"4:30 PM
",<a href=https://brattlefilm.org/movies/blow-out/>ğŸŸï¸</a>,87.0,<a href=https://www.rottentomatoes.com/m/blow_out>ğŸ…</a>
198,Brattle,"<img src=""https://resizing.flixster.com/Wgo8UfiG-O8WxAflrooExNRIbvE=/fit-in/80x126/v2/https://resizing.flixster.com/l6vKrc8314FP6_QUUpojYHyqJr8=/ems.cHJkLWVtcy1hc3NldHMvbW92aWVzLzA4ODc2NWQ2LWZhZDUtNGI4ZS1iMmVlLWE5MmRmZDc5MWYyNi53ZWJw"">", ,The Conversation,1974,04-10,"6:30 PM
",<a href=https://brattlefilm.org/movies/the-conversation/>ğŸŸï¸</a>,97.0,<a href=https://www.rottentomatoes.com/m/the_conversation>ğŸ…</a>
199,Coolidge,"<img src=""https://resizing.flixster.com/fJ6OhZKwS8cojj468-AnITRZFjQ=/fit-in/80x126/v2/https://flxt.tmsimg.com/assets/p36417_p_v8_aa.jpg"">", ,Ghost in the Shell,1995,04-11,7:00 PM,<a href=https://store.coolidge.org/websales/pages/ticketsearchcriteria.aspx?evtinfo=784022~2227d6a5-68f5-41c2-b22e-813c872c64f4&amp;>ğŸŸï¸</a>,95.0,<a href=https://www.rottentomatoes.com/m/ghost_in_the_shell>ğŸ…</a>
200,Coolidge,"<img src=""https://resizing.flixster.com/xnJ1zySlYy9z6DEuJrp63OVkTJk=/fit-in/80x126/v2/https://resizing.flixster.com/Yl25RfNZLUFRCsVJhnPR3I4gUZU=/ems.cHJkLWVtcy1hc3NldHMvbW92aWVzLzU2NGNkYWIwLWE2NWMtNDUwYy1iY2NhLTcyYTRjZmU4MGZkMy5qcGc="">",?,Boston Open Screen,2023,04-11,7:00 PM,<a href=https://store.coolidge.org/websales/pages/ticketsearchcriteria.aspx?evtinfo=784485~2227d6a5-68f5-41c2-b22e-813c872c64f4&amp;>ğŸŸï¸</a>,64.0,<a href=https://www.rottentomatoes.com/m/boston_strangler_2023>ğŸ…</a>
197,Brattle,"<img src=""https://resizing.flixster.com/YpN59AqHnAwumzWHODHhnI7NTRw=/fit-in/80x126/v2/https://flxt.tmsimg.com/assets/p1085_p_v8_aa.jpg"">", ,Blow Out,1981,04-11,"9:00 PM
",<a href=https://brattlefilm.org/movies/blow-out/>ğŸŸï¸</a>,87.0,<a href=https://www.rottentomatoes.com/m/blow_out>ğŸ…</a>
201,Brattle,"<img src=""https://resizing.flixster.com/5Xo-KES9Arl2GfMe_Gg2NR0uhlI=/fit-in/80x126/v2/https://resizing.flixster.com/L3ekoUTN6_l9MXI2ngJcDy1DxqM=/ems.cHJkLWVtcy1hc3NldHMvbW92aWVzLzEzOTljMTg5LTc3YWItNGNkNi05MjUzLTdmNDU4MjhmOWFlOC5qcGc="">",?,RPM Fest presents Mary Helena Clark,2021,04-12,7:00 PM,<a href=https://brattlefilm.org/special_events/rpm-fest-presents-mary-helena-clark/>ğŸŸï¸</a>,60.0,<a href=https://www.rottentomatoes.com/m/mary_j_bliges_my_life>ğŸ…</a>
202,Coolidge,"<img src=""https://resizing.flixster.com/60bcS4pULzg4uEfwxX8_BeeASKc=/fit-in/80x126/v2/https://flxt.tmsimg.com/assets/p14436224_p_v8_aa.jpg"">", ,Paprika,2006,04-12,7:00 PM,<a href=https://store.coolidge.org/websales/pages/ticketsearchcriteria.aspx?evtinfo=784025~2227d6a5-68f5-41c2-b22e-813c872c64f4&amp;>ğŸŸï¸</a>,85.0,<a href=https://www.rottentomatoes.com/m/paprika>ğŸ…</a>
203,Brattle,"<img src=""https://resizing.flixster.com/4ua3r2KiNvRJNSgXVZFZwaVw4mo=/fit-in/80x126/v2/https://flxt.tmsimg.com/assets/p3949_p_v8_bc.jpg"">", ,The Birds,1963,04-13,"4:30 PM
",<a href=https://brattlefilm.org/movies/the-birds/>ğŸŸï¸</a>,94.0,<a href=https://www.rottentomatoes.com/m/1002448-birds>ğŸ…</a>
204,Brattle,"<img src=""https://resizing.flixster.com/4ua3r2KiNvRJNSgXVZFZwaVw4mo=/fit-in/80x126/v2/https://flxt.tmsimg.com/assets/p3949_p_v8_bc.jpg"">", ,The Birds,1963,04-13,"7:00 PM
",<a href=https://brattlefilm.org/movies/the-birds/>ğŸŸï¸</a>,94.0,<a href=https://www.rottentomatoes.com/m/1002448-birds>ğŸ…</a>
205,Brattle,"<img src=""https://resizing.flixster.com/8UzkHHLTK5R6oP3wvq0bTNKEL3k=/fit-in/80x126/v2/https://flxt.tmsimg.com/assets/p176372_p_v12_aq.jpg"">", ,Where the Wild Things Are,2009,04-14,"10:00 PM
",<a href=https://brattlefilm.org/movies/where-the-wild-things-are/>ğŸŸï¸</a>,73.0,<a href=https://www.rottentomatoes.com/m/where_the_wild_things_are>ğŸ…</a>
206,Coolidge,"<img src=""https://resizing.flixster.com/rZlEEdvbvGqQmhrj_B9vQ4rtULg=/fit-in/80x126/v2/https://flxt.tmsimg.com/assets/p19410_p_v10_bi.jpg"">", ,The Lost World: Jurassic Park,1997,04-14,11:59 PM,<a href=https://store.coolidge.org/websales/pages/ticketsearchcriteria.aspx?evtinfo=784119~2227d6a5-68f5-41c2-b22e-813c872c64f4&amp;>ğŸŸï¸</a>,54.0,<a href=https://www.rottentomatoes.com/m/lost_world_jurassic_park>ğŸ…</a>
207,Brattle,"<img src=""https://resizing.flixster.com/RO77nhrxfl0qY-EDEIWMzYlPij8=/fit-in/80x126/v2/https://flxt.tmsimg.com/assets/p4506_p_v10_ad.jpg"">", ,The Muppet Movie,1979,04-14,"8:00 PM
",<a href=https://brattlefilm.org/movies/the-muppet-movie/>ğŸŸï¸</a>,88.0,<a href=https://www.rottentomatoes.com/m/muppet_movie>ğŸ…</a>
208,Coolidge,"<img src=""https://resizing.flixster.com/i33yYsg08CotP_NYJVfs9Ydj__o=/fit-in/80x126/v2/https://flxt.tmsimg.com/assets/p16834_p_v8_ac.jpg"">", ,Congo,1995,04-15,11:59 PM,<a href=https://store.coolidge.org/websales/pages/ticketsearchcriteria.aspx?evtinfo=784123~2227d6a5-68f5-41c2-b22e-813c872c64f4&amp;>ğŸŸï¸</a>,20.0,<a href=https://www.rottentomatoes.com/m/congo>ğŸ…</a>
209,Coolidge,"<img src=""https://resizing.flixster.com/VGRlSzi4Ef7zZngqynBHs1Bl2B8=/fit-in/80x126/v2/https://flxt.tmsimg.com/assets/p5638_p_v8_aa.jpg"">",?,Metropolis (2001),1927,04-15,2:00 PM,<a href=https://store.coolidge.org/websales/pages/ticketsearchcriteria.aspx?evtinfo=784027~2227d6a5-68f5-41c2-b22e-813c872c64f4&amp;>ğŸŸï¸</a>,97.0,<a href=https://www.rottentomatoes.com/m/1013775-metropolis>ğŸ…</a>
210,Brattle,"<img src=""https://resizing.flixster.com/6PT1_GqL4dE3WgrqVPQsUXxul6E=/fit-in/80x126/v2/https://flxt.tmsimg.com/assets/p1576_p_v8_ae.jpg"">", ,The Great Muppet Caper,1981,04-15,"4:30 PM
",<a href=https://brattlefilm.org/movies/the-great-muppet-caper/>ğŸŸï¸</a>,75.0,<a href=https://www.rottentomatoes.com/m/great_muppet_caper>ğŸ…</a>
211,Brattle,"<img src=""https://resizing.flixster.com/FdlpUxSl75uJQnEAtovvnY7M9vo=/fit-in/80x126/v2/https://flxt.tmsimg.com/assets/p8315_p_v8_aa.jpg"">", ,The Muppets Take Manhattan,1984,04-15,"6:30 PM
",<a href=https://brattlefilm.org/movies/the-muppets-take-manhattan/>ğŸŸï¸</a>,84.0,<a href=https://www.rottentomatoes.com/m/muppets_take_manhattan>ğŸ…</a>
212,Brattle,"<img src=""https://resizing.flixster.com/oqzhWcg23UY5eTI5UhSsi3BcX7U=/fit-in/80x126/v2/https://flxt.tmsimg.com/assets/p16974_p_v8_bb.jpg"">", ,Babe,1995,04-15,8:30 PM,<a href=https://brattlefilm.org/movies/babe/>ğŸŸï¸</a>,97.0,<a href=https://www.rottentomatoes.com/m/1065598-babe>ğŸ…</a>
213,Coolidge,"<img src=""https://resizing.flixster.com/gZBF5iJb4-BIztUt2wZoiWH2UO8=/fit-in/80x126/v2/https://resizing.flixster.com/ptWy0TFtSa2DYlLdxFUT_tvPD6Y=/ems.cHJkLWVtcy1hc3NldHMvbW92aWVzLzFlNDJhODBmLTE2YjEtNGNmMy05NWJjLTQxMWQ1OTcxNDc4OS5qcGc="">",?,The Ordinaries,2023,04-16,11:00 AM,<a href=https://store.coolidge.org/websales/pages/ticketsearchcriteria.aspx?evtinfo=781782~2227d6a5-68f5-41c2-b22e-813c872c64f4&amp;>ğŸŸï¸</a>,,<a href=https://www.rottentomatoes.com/m/the_ordinaries>ğŸ…</a>
214,Brattle,"<img src=""https://resizing.flixster.com/2mhs_timYL_04mwYvISrzdFKd2U=/fit-in/80x126/v2/https://flxt.tmsimg.com/assets/p7190_p_v8_aa.jpg"">", ,The Dark Crystal,1982,04-16,2:15 PM,<a href=https://brattlefilm.org/movies/the-dark-crystal/>ğŸŸï¸</a>,77.0,<a href=https://www.rottentomatoes.com/m/dark_crystal>ğŸ…</a>
216,Brattle,"<img src=""https://resizing.flixster.com/Happ4KZxuFl_WxqASXjTTxvSOtE=/fit-in/80x126/v2/https://flxt.tmsimg.com/assets/p9355_p_v12_am.jpg"">", ,Labyrinth,1986,04-16,4:15 PM,<a href=https://brattlefilm.org/movies/labyrinth/>ğŸŸï¸</a>,75.0,<a href=https://www.rottentomatoes.com/m/labyrinth>ğŸ…</a>
215,Brattle,"<img src=""https://resizing.flixster.com/2mhs_timYL_04mwYvISrzdFKd2U=/fit-in/80x126/v2/https://flxt.tmsimg.com/assets/p7190_p_v8_aa.jpg"">", ,The Dark Crystal,1982,04-17,6:30 PM,<a href=https://brattlefilm.org/movies/the-dark-crystal/>ğŸŸï¸</a>,77.0,<a href=https://www.rottentomatoes.com/m/dark_crystal>ğŸ…</a>
218,Coolidge,"<img src=""https://resizing.flixster.com/EeKJXuKrb99_fdJQrEgIG-nj_eA=/fit-in/80x126/v2/https://flxt.tmsimg.com/assets/p18273_v_v8_ab.jpg"">",?,La haine,1995,04-17,7:00 PM,<a href=https://store.coolidge.org/websales/pages/ticketsearchcriteria.aspx?evtinfo=770602~2227d6a5-68f5-41c2-b22e-813c872c64f4&amp;>ğŸŸï¸</a>,100.0,<a href=https://www.rottentomatoes.com/m/la_haine>ğŸ…</a>
217,Brattle,"<img src=""https://resizing.flixster.com/Happ4KZxuFl_WxqASXjTTxvSOtE=/fit-in/80x126/v2/https://flxt.tmsimg.com/assets/p9355_p_v12_am.jpg"">", ,Labyrinth,1986,04-17,9:30 PM,<a href=https://brattlefilm.org/movies/labyrinth/>ğŸŸï¸</a>,75.0,<a href=https://www.rottentomatoes.com/m/labyrinth>ğŸ…</a>
219,Brattle,"<img src=""https://resizing.flixster.com/bO0AvQwJEyOB75hb8rkRuQuQ6kY=/fit-in/80x126/v2/https://flxt.tmsimg.com/NowShowing/10503/10503_aa.jpg"">", ,Drunken Angel,1948,04-18,"6:30 PM
",<a href=https://brattlefilm.org/movies/drunken-angel/>ğŸŸï¸</a>,94.0,<a href=https://www.rottentomatoes.com/m/drunken_angel>ğŸ…</a>
220,Coolidge,"<img src=""https://resizing.flixster.com/GSscoYCOMMEIt7j2rbGx_H-Bh0E=/fit-in/80x126/v2/https://flxt.tmsimg.com/assets/p18647_p_v12_bc.jpg"">",?,Romeo + Juliet,1996,04-18,7:00 PM,<a href=https://store.coolidge.org/websales/pages/ticketsearchcriteria.aspx?evtinfo=763621~2227d6a5-68f5-41c2-b22e-813c872c64f4&amp;>ğŸŸï¸</a>,73.0,<a href=https://www.rottentomatoes.com/m/william_shakespeares_romeo_and_juliet>ğŸ…</a>
221,Brattle,"<img src=""https://resizing.flixster.com/g-UD7xQ-U1frZpKByxRAg-RIqTM=/fit-in/80x126/v2/https://flxt.tmsimg.com/assets/p42077_p_v8_aa.jpg"">", ,The Bad Sleep Well,1960,04-19,"5:00 PM
",<a href=https://brattlefilm.org/movies/the-bad-sleep-well/>ğŸŸï¸</a>,100.0,<a href=https://www.rottentomatoes.com/m/the_bad_sleep_well>ğŸ…</a>
222,Coolidge,"<img src=""https://resizing.flixster.com/Q-NctVTBqS8xtR5IggNVLbG5csQ=/fit-in/80x126/v2/https://flxt.tmsimg.com/assets/p16852_p_v8_ad.jpg"">", ,Akira,1988,04-19,7:00 PM,<a href=https://store.coolidge.org/websales/pages/ticketsearchcriteria.aspx?evtinfo=784026~2227d6a5-68f5-41c2-b22e-813c872c64f4&amp;>ğŸŸï¸</a>,91.0,<a href=https://www.rottentomatoes.com/m/akira>ğŸ…</a>
223,Brattle,"<img src=""https://resizing.flixster.com/TbsWghJi8NXxkcH48LunaU2lxgA=/fit-in/80x126/v2/https://flxt.tmsimg.com/assets/p41474_p_v8_aa.jpg"">", ,High and Low,1963,04-19,"8:00 PM
",<a href=https://brattlefilm.org/movies/high-and-low/>ğŸŸï¸</a>,96.0,<a href=https://www.rottentomatoes.com/m/high_and_low>ğŸ…</a>
224,Brattle,"<img src=""https://resizing.flixster.com/RxuZjF-2FAQ4id6ymjP8u02xbjw=/fit-in/80x126/v2/https://flxt.tmsimg.com/assets/p3038_p_v8_aa.jpg"">", ,Rashomon,1950,04-20,"4:00 PM
",<a href=https://brattlefilm.org/movies/rashomon/>ğŸŸï¸</a>,98.0,<a href=https://www.rottentomatoes.com/m/rashomon>ğŸ…</a>
225,Brattle,"<img src=""https://resizing.flixster.com/RxuZjF-2FAQ4id6ymjP8u02xbjw=/fit-in/80x126/v2/https://flxt.tmsimg.com/assets/p3038_p_v8_aa.jpg"">", ,Rashomon,1950,04-20,"6:00 PM
",<a href=https://brattlefilm.org/movies/rashomon/>ğŸŸï¸</a>,98.0,<a href=https://www.rottentomatoes.com/m/rashomon>ğŸ…</a>
226,Coolidge,"<img src=""https://resizing.flixster.com/FlglqVIVzL8Er8lb45qGy40_Few=/fit-in/80x126/v2/https://flxt.tmsimg.com/NowShowing/28553/28553_aa.jpg"">", ,Scooby-Doo,2002,04-20,7:00 PM,<a href=https://store.coolidge.org/websales/pages/ticketsearchcriteria.aspx?evtinfo=786212~2227d6a5-68f5-41c2-b22e-813c872c64f4&amp;>ğŸŸï¸</a>,32.0,<a href=https://www.rottentomatoes.com/m/1112357-scoobydoo>ğŸ…</a>
227,Coolidge,"<img src=""https://resizing.flixster.com/30YSDrp4aNTW6dsqP8frcrv-O2A=/fit-in/80x126/v2/https://flxt.tmsimg.com/assets/p9384_p_v8_bk.jpg"">", ,Aliens,1986,04-21,11:59 PM,<a href=https://store.coolidge.org/websales/pages/ticketsearchcriteria.aspx?evtinfo=784120~2227d6a5-68f5-41c2-b22e-813c872c64f4&amp;>ğŸŸï¸</a>,98.0,<a href=https://www.rottentomatoes.com/m/1000617-aliens>ğŸ…</a>
228,Brattle,"<img src=""https://resizing.flixster.com/wA8Uc4NDcyCp8nOHitVvT3qkkKA=/fit-in/80x126/v2/https://flxt.tmsimg.com/assets/p46611_p_v8_ad.jpg"">", ,The Hidden Fortress,1958,04-21,"3:00 PM
",<a href=https://brattlefilm.org/movies/the-hidden-fortress/>ğŸŸï¸</a>,96.0,<a href=https://www.rottentomatoes.com/m/1009583-hidden_fortress>ğŸ…</a>
230,Brattle,"<img src=""https://resizing.flixster.com/vekcUis0so0QAYA412txdTeIG9Q=/fit-in/80x126/v2/https://flxt.tmsimg.com/assets/p7817_p_v8_ae.jpg"">", ,Throne of Blood,1957,04-21,"6:00 PM
",<a href=https://brattlefilm.org/movies/throne-of-blood/>ğŸŸï¸</a>,96.0,<a href=https://www.rottentomatoes.com/m/throne_of_blood>ğŸ…</a>
229,Brattle,"<img src=""https://resizing.flixster.com/wA8Uc4NDcyCp8nOHitVvT3qkkKA=/fit-in/80x126/v2/https://flxt.tmsimg.com/assets/p46611_p_v8_ad.jpg"">", ,The Hidden Fortress,1958,04-21,"8:30 PM
",<a href=https://brattlefilm.org/movies/the-hidden-fortress/>ğŸŸï¸</a>,96.0,<a href=https://www.rottentomatoes.com/m/1009583-hidden_fortress>ğŸ…</a>
231,Coolidge,"<img src=""https://resizing.flixster.com/FTjyQL2lZQcVNuwY384VGj8Pyrc=/fit-in/80x126/v2/https://flxt.tmsimg.com/assets/p18907_p_v8_aa.jpg"">", ,The Relic,1997,04-22,11:59 PM,<a href=https://store.coolidge.org/websales/pages/ticketsearchcriteria.aspx?evtinfo=784124~2227d6a5-68f5-41c2-b22e-813c872c64f4&amp;>ğŸŸï¸</a>,37.0,<a href=https://www.rottentomatoes.com/m/the_relic>ğŸ…</a>
232,Brattle,"<img src=""https://resizing.flixster.com/qQxYR1BduEKH0fvEUjJKcf6Yd38=/fit-in/80x126/v2/https://flxt.tmsimg.com/assets/p50606_p_v13_ac.jpg"">", ,Red Beard,1965,04-22,"3:00 PM
",<a href=https://brattlefilm.org/movies/red-beard/>ğŸŸï¸</a>,73.0,<a href=https://www.rottentomatoes.com/m/red_beard>ğŸ…</a>
233,Brattle,"<img src=""https://resizing.flixster.com/xwuWgUDC2G5w-oO_8hfbM189hRs=/fit-in/80x126/v2/https://flxt.tmsimg.com/assets/p5588_p_v8_au.jpg"">", ,Seven Samurai,1954,04-22,"7:00 PM
",<a href=https://brattlefilm.org/movies/seven-samurai/>ğŸŸï¸</a>,100.0,<a href=https://www.rottentomatoes.com/m/seven_samurai_1956>ğŸ…</a>
234,Brattle,"<img src=""https://resizing.flixster.com/1kmih3NkSxlzxyX9eWxxsp9bARU=/fit-in/80x126/v2/https://flxt.tmsimg.com/assets/p12324_p_v7_aa.jpg"">", ,The Lower Depths,1937,04-23,"12:00 PM
",<a href=https://brattlefilm.org/movies/the-lower-depths/>ğŸŸï¸</a>,89.0,<a href=https://www.rottentomatoes.com/m/underground_the_lower_depths>ğŸ…</a>
235,Coolidge,"<img src=""https://resizing.flixster.com/mIo2SQmgXt18LqYGuIHPjgbBb-o=/fit-in/80x126/v2/https://resizing.flixster.com/JxlKB_XTn_nzyxTpG9_li9-s24g=/ems.cHJkLWVtcy1hc3NldHMvbW92aWVzL2U2YmM3NTJiLTQzNTctNDVlMy1iYmJmLWJlMmRhMGVjNDU2MS5qcGc="">",?,"Seminar: Eveâ€™s Bayou



Part ofÂ Seminar: Eve's Bayou",2020,04-24,6:15 PM,<a href=https://store.coolidge.org/websales/pages/entrypoint.aspx?guid=737f08d6-4bf9-443a-8e56-d9edc9bf9f2c&amp;>ğŸŸï¸</a>,86.0,<a href=https://www.rottentomatoes.com/m/in_search_of_darkness_part_ii>ğŸ…</a>
236,Coolidge,"<img src=""https://resizing.flixster.com/PPayXk6BgKDEWiJaC7PUgCcN9vg=/fit-in/80x126/v2/https://resizing.flixster.com/0jH4iVFEWHnDEmWQ5LAjxoM6PD0=/ems.cHJkLWVtcy1hc3NldHMvbW92aWVzL2Q5OWQ0MDA1LTk2MjItNDEwOS1iODZiLTliNjU4N2MyNWQ3Yi53ZWJw"">",?,"Eveâ€™s Bayou (Directorâ€™s Cut)



Part ofÂ Seminar: Eve's Bayou",2019,04-24,7:00 PM,<a href=https://store.coolidge.org/websales/pages/ticketsearchcriteria.aspx?evtinfo=770601~2227d6a5-68f5-41c2-b22e-813c872c64f4&amp;>ğŸŸï¸</a>,100.0,<a href=https://www.rottentomatoes.com/m/midsommar_the_directors_cut>ğŸ…</a>
237,Coolidge,"<img src=""https://resizing.flixster.com/-8cgqDcbML4Df6hgWR9Winhmq5Q=/fit-in/80x126/v2/https://resizing.flixster.com/P8yuD611qQGOZoGOrOphVkt6MxI=/ems.cHJkLWVtcy1hc3NldHMvbW92aWVzL2NmZjJmNGI4LTk0MTktNDA4Yi04ZTkwLWJiN2EzOTM0NzA1NS5qcGc="">", ,Perfect Blue,1997,04-25,7:00 PM,<a href=https://store.coolidge.org/websales/pages/ticketsearchcriteria.aspx?evtinfo=784029~2227d6a5-68f5-41c2-b22e-813c872c64f4&amp;>ğŸŸï¸</a>,83.0,<a href=https://www.rottentomatoes.com/m/perfect_blue_1999>ğŸ…</a>
239,Brattle,"<img src=""https://resizing.flixster.com/aBu77c7fbzwvFji4UYVaQbsXA10=/fit-in/80x126/v2/https://flxt.tmsimg.com/assets/p23531_p_v8_aa.jpg"">", ,I Live in Fear,1955,04-25,"8:00 PM
",<a href=https://brattlefilm.org/movies/i-live-in-fear/>ğŸŸï¸</a>,75.0,<a href=https://www.rottentomatoes.com/m/i_live_in_fear>ğŸ…</a>
238,Coolidge,"<img src=""https://resizing.flixster.com/-8cgqDcbML4Df6hgWR9Winhmq5Q=/fit-in/80x126/v2/https://resizing.flixster.com/P8yuD611qQGOZoGOrOphVkt6MxI=/ems.cHJkLWVtcy1hc3NldHMvbW92aWVzL2NmZjJmNGI4LTk0MTktNDA4Yi04ZTkwLWJiN2EzOTM0NzA1NS5qcGc="">", ,Perfect Blue,1997,04-25,9:45 PM,<a href=https://store.coolidge.org/websales/pages/ticketsearchcriteria.aspx?evtinfo=785922~2227d6a5-68f5-41c2-b22e-813c872c64f4&amp;>ğŸŸï¸</a>,83.0,<a href=https://www.rottentomatoes.com/m/perfect_blue_1999>ğŸ…</a>
240,Brattle,"<img src=""https://resizing.flixster.com/9ncMdIFjZQisE6VyUQyDvX870SU=/fit-in/80x126/v2/https://flxt.tmsimg.com/assets/p6132_p_v8_aa.jpg"">", ,Yojimbo,1961,04-26,"6:00 PM
",<a href=https://brattlefilm.org/movies/yojimbo/>ğŸŸï¸</a>,95.0,<a href=https://www.rottentomatoes.com/m/yojimbo>ğŸ…</a>
241,Coolidge,"<img src=""https://resizing.flixster.com/7oElvxhUuDXaoVD9KD1xOpspHg8=/fit-in/80x126/v2/https://resizing.flixster.com/wt5_FPYLuxN5ZF3uWS2MzZYOecw=/ems.cHJkLWVtcy1hc3NldHMvbW92aWVzL2FiMGE2NWNjLTNlMGItNDI3My1iMGU2LWNmM2VjMjQ5MDQ0ZC5qcGc="">", ,Belle,2021,04-26,7:00 PM,<a href=https://store.coolidge.org/websales/pages/ticketsearchcriteria.aspx?evtinfo=784028~2227d6a5-68f5-41c2-b22e-813c872c64f4&amp;>ğŸŸï¸</a>,95.0,<a href=https://www.rottentomatoes.com/m/belle_2022>ğŸ…</a>
242,Brattle,"<img src=""https://resizing.flixster.com/Q6ogNxGmkAgrs4JvGOH9Q7uC2-g=/fit-in/80x126/v2/https://flxt.tmsimg.com/assets/p48389_p_v8_ab.jpg"">", ,Sanjuro,1962,04-26,"8:15 PM
",<a href=https://brattlefilm.org/movies/sanjuro-2/>ğŸŸï¸</a>,100.0,<a href=https://www.rottentomatoes.com/m/sanjuro>ğŸ…</a>
243,Coolidge,"<img src=""https://resizing.flixster.com/xsC7-JQZpInD1kxSlTwraPdKaxY=/fit-in/80x126/v2/https://flxt.tmsimg.com/assets/p13748292_p_v8_ay.jpg"">",?,Othello,2016,04-27,7:00 PM,<a href=https://store.coolidge.org/websales/pages/ticketsearchcriteria.aspx?evtinfo=747325~2227d6a5-68f5-41c2-b22e-813c872c64f4&amp;>ğŸŸï¸</a>,17.0,<a href=https://www.rottentomatoes.com/m/mine_2017>ğŸ…</a>
244,Coolidge,"<img src=""https://resizing.flixster.com/BfzKChU3OhcvjcLylVieDRdAvs4=/fit-in/80x126/v2/https://flxt.tmsimg.com/assets/p11195_p_v8_aa.jpg"">", ,Pumpkinhead,1988,04-28,11:59 PM,<a href=https://store.coolidge.org/websales/pages/ticketsearchcriteria.aspx?evtinfo=784122~2227d6a5-68f5-41c2-b22e-813c872c64f4&amp;>ğŸŸï¸</a>,65.0,<a href=https://www.rottentomatoes.com/m/pumpkinhead>ğŸ…</a>
245,Coolidge,"<img src=""https://images.fandango.com/cms/assets/5d84d010-59b1-11ea-b175-791e911be53d--rt-poster-defaultgif.gif"">",?,A Gnome Named Gnorm,1992,04-29,11:59 PM,<a href=https://store.coolidge.org/websales/pages/ticketsearchcriteria.aspx?evtinfo=784125~2227d6a5-68f5-41c2-b22e-813c872c64f4&amp;>ğŸŸï¸</a>,,<a href=https://www.rottentomatoes.com/m/upworld_1992>ğŸ…</a>
246,Somerville,"<img src=""https://resizing.flixster.com/VxZpOtwkiNJyWum7MRPlULOVcPU=/fit-in/80x126/v2/https://flxt.tmsimg.com/assets/p4846_p_v8_ab.jpg"">",?,Silents: Steamboat Bill,1928,05-07,2:00 PM,<a href=https://20163.formovietickets.com:2235/T.ASP?WCI=BT&Page=PickTickets&SHOWID=43446&PLACEID=1>ğŸŸï¸</a>,96.0,<a href=https://www.rottentomatoes.com/m/steamboat_bill_jr>ğŸ…</a>
247,Somerville,"<img src=""https://images.fandango.com/cms/assets/5d84d010-59b1-11ea-b175-791e911be53d--rt-poster-defaultgif.gif"">",?,Silents: The General,1929,05-07,3:00 PM,<a href=https://20163.formovietickets.com:2235/T.ASP?WCI=BT&Page=PickTickets&SHOWID=43447&PLACEID=1>ğŸŸï¸</a>,100.0,<a href=https://www.rottentomatoes.com/m/old_and_new>ğŸ…</a>
248,Coolidge,"<img src=""https://resizing.flixster.com/KCiHYuv9Z3D-ZNPkEepCQf-Vro4=/fit-in/80x126/v2/https://flxt.tmsimg.com/NowShowing/65189/65189_aa.jpg"">", ,Mamma Mia!,2008,05-11,7:00 PM,<a href=https://store.coolidge.org/websales/pages/ticketsearchcriteria.aspx?evtinfo=781433~2227d6a5-68f5-41c2-b22e-813c872c64f4&amp;>ğŸŸï¸</a>,55.0,<a href=https://www.rottentomatoes.com/m/mamma_mia>ğŸ…</a>
249,Coolidge,"<img src=""https://resizing.flixster.com/OXO2qq0hzyaxAc-f-7U296SnvgE=/fit-in/80x126/v2/https://flxt.tmsimg.com/assets/p11663654_p_v8_ab.jpg"">", ,Best of Enemies,2015,05-18,7:00 PM,<a href=https://store.coolidge.org/websales/pages/ticketsearchcriteria.aspx?evtinfo=774944~2227d6a5-68f5-41c2-b22e-813c872c64f4&amp;>ğŸŸï¸</a>,93.0,<a href=https://www.rottentomatoes.com/m/best_of_enemies_2015>ğŸ…</a>
250,Brattle,"<img src=""https://images.fandango.com/cms/assets/5d84d010-59b1-11ea-b175-791e911be53d--rt-poster-defaultgif.gif"">",?,Harvard Book Store presents R.F. Kuang,2022,05-23,6:00 PM,<a href=https://brattlefilm.org/special_events/harvard-book-store-presents-r-f-kuang-2/>ğŸŸï¸</a>,100.0,<a href=https://www.rottentomatoes.com/m/liquor_store_dreams>ğŸ…</a>
251,Somerville,"<img src=""https://resizing.flixster.com/kIwZfU3xrSwbQ2eGIVewy5fESaU=/fit-in/80x126/v2/https://flxt.tmsimg.com/assets/p68117_p_v8_ab.jpg"">",?,Silents: Mantrap,1928,07-09,2:00 PM,<a href=https://20163.formovietickets.com:2235/T.ASP?WCI=BT&Page=PickTickets&SHOWID=43452&PLACEID=1>ğŸŸï¸</a>,100.0,<a href=https://www.rottentomatoes.com/m/the_man_who_laughs_1928>ğŸ…</a>
252,Somerville,"<img src=""https://resizing.flixster.com/NVYJCcnclT0255bBY2W44DG-Oww=/fit-in/80x126/v2/https://flxt.tmsimg.com/assets/p13039564_p_v8_aa.jpg"">",?,Silents: The Canadian,2013,07-09,3:00 PM,<a href=https://20163.formovietickets.com:2235/T.ASP?WCI=BT&Page=PickTickets&SHOWID=43453&PLACEID=1>ğŸŸï¸</a>,,<a href=https://www.rottentomatoes.com/m/the_canadian_surfer_movie>ğŸ…</a>
253,Somerville,"<img src=""https://resizing.flixster.com/qoukdFHGPtgVtlbINSFTkLGBu04=/fit-in/80x126/v2/https://resizing.flixster.com/c81UzzL1PNeYvNsn7wSOCOJIv8g=/ems.cHJkLWVtcy1hc3NldHMvbW92aWVzL2QzMDAwZmZhLTZkMmEtNDU3NC1iNjAxLTFmOWYyZTM4ZTA4Ny5qcGc="">",?,Silents: The Fire Brigade,2022,09-10,2:00 PM,<a href=https://20163.formovietickets.com:2235/T.ASP?WCI=BT&Page=PickTickets&SHOWID=43450&PLACEID=2>ğŸŸï¸</a>,86.0,<a href=https://www.rottentomatoes.com/m/the_fire_within_a_requiem_for_katia_and_maurice_krafft>ğŸ…</a>
254,Somerville,"<img src=""https://resizing.flixster.com/3hGDSD8CyGitLPmQawbR4ykIdFw=/fit-in/80x126/v2/https://flxt.tmsimg.com/assets/p10232_p_v8_aa.jpg"">",?,Silents: The Big Parade,1925,11-12,2:00 PM,<a href=https://20163.formovietickets.com:2235/T.ASP?WCI=BT&Page=PickTickets&SHOWID=43451&PLACEID=1>ğŸŸï¸</a>,100.0,<a href=https://www.rottentomatoes.com/m/the_big_parade>ğŸ…</a>
